Humidity (%),Wind_Speed (km/h),Pressure (hPa)
77.6,3.3,1020.3
84.1,9.0,1008.4
49.0,6.6,1008.0
34.2,9.0,993.4
32.2,9.2,1008.2
91.1,4.0,996.9
83.9,5.2,1018.1
30.4,19.7,992.6
51.5,18.8,1012.3
79.5,14.0,1005.0
50.4,11.4,1016.4
90.4,20.5,996.5
50.7,20.8,1020.1
37.8,13.9,1014.6
62.3,16.0,1007.6
39.4,17.5,1016.7
71.2,9.4,996.5
63.3,17.9,1003.5
90.1,20.8,1009.4
88.5,18.7,1021.4
40.5,4.3,1013.2
72.4,9.5,1016.1
36.1,24.4,1003.8
67.5,8.5,990.9
89.5,11.8,1023.8
85.3,23.5,1014.4
39.1,18.0,1014.6
86.4,20.4,1012.7
54.4,12.7,1009.0
83.5,19.7,997.6
65.1,13.9,1001.3
31.6,11.4,996.1
72.9,14.8,1011.4
30.9,21.7,1014.6
41.3,16.6,991.6
72.8,2.6,1010.5
59.8,24.1,1021.7
36.1,21.4,990.8
70.9,8.5,996.2
54.2,21.7,1005.0
62.8,11.0,990.4
91.8,8.7,1001.5
35.9,12.2,1021.1
70.2,3.7,1018.8
54.3,24.7,1016.4
57.6,2.3,1006.4
78.5,8.6,1020.4
32.8,3.7,1009.4
59.5,3.0,999.8
48.0,15.4,992.7
50.1,23.0,1018.8
90.6,10.7,1018.4
93.0,11.5,999.6
94.8,21.5,998.7
44.9,4.6,1013.5
65.9,5.1,991.0
38.9,11.0,1005.3
55.8,5.4,1022.4
62.0,3.7,994.5
41.8,17.4,996.0
41.5,6.7,1002.7
70.8,3.4,999.7
54.1,12.6,1016.2
63.3,14.3,998.5
43.7,15.7,1013.8
68.1,8.5,1002.7
69.4,7.7,995.6
35.2,4.6,1003.9
41.1,15.1,999.8
63.0,8.6,1010.3
51.9,9.4,1018.3
60.7,21.1,1023.8
34.3,5.2,1017.8
73.2,11.0,1018.6
78.6,10.8,1009.0
70.8,16.3,1008.7
46.2,19.5,1020.7
38.3,7.3,1015.3
46.4,15.4,1004.0
62.9,23.4,1009.8
67.5,23.5,1022.4
38.1,15.6,1004.0
51.7,10.0,1002.1
39.2,23.0,1002.7
41.6,4.0,1024.9
43.6,2.8,1006.5
64.1,5.6,996.4
71.9,18.5,1013.1
31.3,17.0,998.3
84.0,8.7,1021.4
41.8,20.8,1002.0
70.6,8.8,1023.2
88.1,8.2,1009.0
94.0,2.4,1022.0
72.3,5.1,1021.5
41.4,13.9,991.6
45.9,18.5,1000.4
77.6,15.7,991.8
36.9,17.8,1005.2
47.7,23.1,994.8
86.7,17.9,1019.7
91.4,6.2,1009.9
90.1,21.8,1019.6
45.0,9.8,1015.4
50.7,7.4,990.9
91.0,19.6,1004.1
79.9,7.5,993.9
32.7,10.8,1013.8
57.1,16.1,995.8
69.5,7.1,996.5
87.4,11.1,1016.5
44.5,4.1,1020.7
86.0,4.0,1004.3
35.3,21.6,1007.3
74.1,20.3,1013.0
75.3,5.6,1020.8
51.8,21.1,1007.8
71.1,19.9,993.7
71.1,17.8,992.4
52.5,24.4,1023.9
31.4,17.7,1005.6
40.6,3.9,1013.8
58.1,11.1,999.6
43.9,21.9,1006.6
80.1,5.0,991.1
37.6,6.6,1007.2
50.2,11.0,1006.8
80.7,7.6,1024.5
66.4,4.0,1002.3
66.9,5.9,993.7
33.4,18.4,1018.1
65.6,14.1,1015.6
86.7,6.2,1017.6
44.8,6.6,1013.8
86.4,10.0,1003.0
58.5,22.7,1004.8
70.5,18.5,1021.8
85.5,12.2,1008.0
93.0,19.8,994.6
41.0,11.9,998.7
32.4,21.4,1018.2
47.5,2.9,994.3
32.7,2.1,1023.3
61.8,9.1,1014.7
73.7,17.9,1019.3
86.5,17.9,1013.7
36.9,24.5,1004.2
87.1,20.6,1016.7
65.4,11.1,1014.3
44.8,16.2,1006.2
31.7,15.3,1008.7
92.1,16.9,1021.4
52.9,8.6,1000.8
76.5,6.2,1013.8
66.9,20.5,1009.3
83.2,16.1,1004.4
80.7,17.4,993.3
77.9,2.5,1012.5
68.6,18.0,1004.2
38.3,8.3,992.8
44.7,3.6,1018.0
64.6,24.9,1013.2
66.5,6.6,1008.8
73.2,11.2,995.3
63.9,4.9,1018.9
47.1,14.7,1000.7
89.8,6.8,1022.6
86.4,3.9,1004.1
71.7,23.2,1007.0
55.9,2.6,994.7
50.3,16.7,997.6
80.7,3.3,1014.3
49.7,13.7,1024.9
64.3,12.3,996.8
80.0,2.4,999.1
30.8,24.1,1007.1
36.4,19.0,1006.7
88.0,17.8,1005.3
60.0,16.6,1011.5
63.3,18.5,992.5
53.0,17.2,996.5
47.2,8.8,1016.9
70.0,3.0,1023.9
67.9,4.9,1001.8
58.6,4.8,996.9
86.0,19.4,1006.1
41.5,3.0,995.8
62.9,15.6,1007.8
71.4,2.2,998.6
82.0,16.2,996.6
79.5,24.0,1002.9
94.8,22.4,1010.8
70.3,15.5,1006.8
66.4,8.2,1018.9
81.0,12.1,995.2
68.9,16.8,1004.7
84.6,6.2,1002.7
47.7,8.0,1005.0
59.8,18.7,1007.4
69.7,24.0,992.4
88.9,12.3,1017.2
88.9,10.0,1021.5
90.9,18.8,1024.3
60.2,4.6,995.3
64.0,3.6,1014.8
40.8,12.6,1004.4
82.4,6.6,999.1
43.3,7.5,1005.8
60.2,4.4,1013.0
43.2,15.3,1012.2
40.3,21.7,1021.7
42.0,12.1,1011.5
92.9,16.6,995.8
66.4,3.8,1015.6
76.2,12.6,1002.5
76.3,5.3,1002.2
52.9,16.6,994.4
41.4,8.4,1012.5
32.2,22.0,1016.8
73.6,12.6,1020.3
57.5,8.4,1020.0
31.2,21.1,999.9
36.3,8.9,1010.9
88.7,22.5,996.5
67.9,3.5,1019.1
73.5,13.9,1005.1
88.0,15.6,1014.6
61.7,19.1,1007.7
60.7,24.3,1001.6
43.5,7.0,991.3
63.3,4.0,1011.6
62.1,8.3,1003.8
69.5,20.9,990.1
69.2,12.5,1002.9
35.2,17.6,1002.7
69.8,22.8,992.3
49.2,4.8,1009.6
75.0,9.0,1017.6
89.6,10.5,1011.0
58.0,5.6,990.9
56.6,10.4,997.6
61.6,10.8,991.4
79.2,4.7,1023.5
94.0,10.9,1001.9
79.5,8.0,996.8
66.3,12.2,1011.9
70.5,11.1,991.4
89.1,5.0,1017.7
91.4,13.1,1020.2
79.5,15.3,1020.3
67.3,21.6,1005.4
59.1,2.4,1006.7
49.5,6.8,1023.5
49.2,19.0,995.0
85.0,3.8,1004.3
82.5,14.0,1000.5
33.3,7.3,999.8
50.9,24.5,1011.1
62.7,3.7,1013.9
65.9,8.2,1007.4
78.7,3.1,999.7
46.0,10.3,999.5
58.2,4.1,1014.0
30.3,24.2,1016.6
80.8,24.0,1007.5
54.0,20.9,1019.8
44.0,5.1,1012.8
76.4,10.5,992.0
31.0,4.9,1004.5
30.6,17.6,1000.9
38.2,4.8,999.3
52.6,16.9,1024.1
80.7,3.5,998.0
33.8,24.8,1009.1
42.7,15.3,995.1
46.9,12.8,1021.2
71.0,14.2,998.5
82.5,3.0,995.8
93.8,24.1,996.9
67.0,3.7,1011.8
91.3,19.4,995.7
73.3,13.5,990.4
71.2,18.8,993.3
37.7,24.8,991.6
89.7,20.1,998.8
42.5,7.1,991.4
91.8,13.9,1016.6
88.0,13.4,997.2
43.5,13.7,1004.3
80.1,14.4,999.9
30.0,24.4,997.9
77.4,19.1,1019.7
83.1,20.6,1024.5
35.1,20.0,1010.4
49.3,13.8,1007.8
76.4,18.8,1020.2
51.8,18.7,1009.7
81.1,21.3,990.4
75.8,3.2,1007.7
65.9,5.6,1000.8
46.3,22.8,990.4
49.9,18.9,1004.2
74.6,23.7,1012.5
78.8,11.9,1024.3
37.4,11.7,1002.1
47.5,15.9,992.7
68.9,2.3,1023.8
50.3,23.8,993.7
43.2,11.4,990.5
55.9,24.5,993.6
89.4,18.6,990.3
76.4,19.0,990.5
34.1,17.5,992.8
90.6,19.1,1015.8
68.0,22.6,1013.3
75.9,23.5,992.2
49.6,23.3,993.7
40.4,17.3,1020.9
50.1,10.2,1002.4
91.9,23.6,1020.7
42.6,21.8,1016.2
41.7,5.8,990.1
35.4,7.6,1002.4
45.9,7.0,1023.6
65.2,13.5,1004.4
69.4,17.9,997.2
57.3,12.9,1009.6
77.0,21.4,1007.0
85.6,10.9,1018.1
55.3,16.9,992.6
66.3,10.6,992.4
76.1,13.1,990.2
79.8,20.5,1008.1
41.0,22.9,1016.6
71.1,8.2,997.1
89.0,18.0,1003.4
75.0,9.5,999.4
47.2,19.5,996.6
32.0,7.6,1009.5
87.7,21.0,1019.6
94.9,21.7,1024.9
31.5,9.2,1012.9
79.5,15.0,1011.9
79.2,7.3,1010.9
43.8,20.5,1015.0
74.0,13.5,1014.2
71.3,12.5,1013.4
69.6,24.1,1008.8
48.0,10.2,991.8
87.3,21.8,1021.0
94.8,24.4,1006.3
93.4,4.0,1003.5
47.5,24.4,1016.6
51.2,7.9,1002.4
39.5,3.9,1007.0
67.7,8.3,1007.1
33.7,15.2,1013.4
84.6,6.5,1007.1
53.5,12.4,1016.7
66.9,7.3,1009.3
42.0,21.0,1000.0
54.3,14.8,1019.6
44.2,2.0,1020.5
59.8,23.2,991.4
60.4,13.2,1005.0
83.8,9.8,1007.9
33.3,21.3,995.6
77.1,6.0,1003.3
80.2,23.4,1003.6
80.4,24.1,1013.4
50.6,19.0,999.7
75.9,9.8,992.8
90.8,3.4,993.2
59.0,17.2,1016.3
79.2,17.3,1004.4
50.4,6.2,1002.0
64.5,15.7,1005.2
52.4,20.9,1009.8
30.7,15.3,1006.2
68.7,14.2,993.6
83.2,11.9,1002.2
44.7,10.3,1018.8
82.4,12.7,1006.9
83.5,23.4,994.2
60.9,24.3,1009.7
69.8,10.2,1009.3
54.3,11.5,1013.7
40.2,5.9,1020.8
92.3,23.1,1012.2
74.0,5.4,1019.2
89.5,13.8,1000.8
30.4,18.8,1002.1
80.9,15.9,1013.1
70.5,11.6,995.6
35.5,17.2,1011.1
93.4,23.3,1004.7
31.9,9.0,991.4
47.9,10.6,1009.2
44.6,4.2,1005.8
78.9,9.7,1003.8
79.4,10.3,1004.3
75.3,22.4,1021.3
73.7,11.1,995.5
35.3,24.5,1017.8
60.4,9.6,1009.7
83.5,20.8,991.4
79.7,4.9,1024.3
68.6,11.9,999.7
70.6,5.0,1011.2
61.1,2.3,992.9
65.6,24.2,991.8
34.5,23.1,1004.2
75.4,17.6,1023.1
73.0,18.8,1001.3
36.1,4.4,1004.1
76.3,14.4,1019.8
65.7,7.5,993.3
58.9,15.4,1018.4
74.3,5.0,1010.2
62.5,2.6,1000.0
38.2,15.5,1008.9
65.4,3.0,1007.4
88.4,10.4,1012.4
53.3,3.3,1016.8
79.2,7.8,994.2
52.1,24.9,1005.8
57.0,16.9,992.2
39.8,11.2,1001.8
43.6,22.1,1010.2
66.8,5.3,995.3
79.1,13.0,1012.1
38.1,18.6,991.4
73.7,2.5,1024.4
58.6,15.8,1021.6
83.3,20.4,1009.4
56.9,7.1,1011.9
79.6,3.8,1005.5
33.3,10.8,1019.4
67.3,24.1,991.7
72.0,8.8,992.7
46.0,23.8,995.0
73.6,11.6,990.8
69.0,7.4,993.4
60.9,10.0,1017.4
44.6,6.2,1018.0
84.1,17.9,994.9
94.8,5.1,995.6
43.5,11.6,1002.5
66.0,2.6,1002.4
66.9,13.2,994.7
48.7,18.9,990.8
35.9,14.0,1021.4
87.9,19.2,1022.0
46.0,11.8,1011.5
43.9,2.3,1012.7
40.0,17.2,1013.8
87.2,7.9,997.7
45.5,11.4,997.3
80.8,11.1,994.6
62.8,19.1,998.1
89.1,21.5,996.4
61.6,20.6,1020.6
39.5,9.6,1007.5
82.2,9.6,1013.2
85.8,17.6,998.8
60.9,21.2,1009.2
60.0,4.4,1019.4
77.1,3.1,1023.6
91.2,5.2,990.4
52.4,13.6,1007.8
73.1,20.1,996.8
46.7,15.7,1024.9
43.3,23.0,1019.5
77.1,13.8,1002.2
32.3,6.4,991.4
73.9,2.2,1017.2
79.0,21.7,993.4
45.3,2.0,1000.8
66.1,22.1,1021.7
33.9,5.8,1017.4
89.1,3.8,1023.4
30.9,22.9,1018.7
54.5,17.9,995.9
72.0,10.7,1004.5
52.9,23.8,994.9
80.4,5.4,1022.8
34.5,10.2,995.2
42.8,15.8,1014.4
82.1,9.9,1013.9
69.6,5.4,1000.4
38.0,24.2,997.2
64.7,9.5,1003.0
68.8,12.7,997.9
92.5,22.9,1009.9
85.2,16.3,1016.0
56.1,10.2,1012.2
49.0,24.2,1015.0
64.1,4.8,997.2
73.1,18.7,1011.0
52.2,4.7,1001.5
85.5,19.9,1019.7
64.8,3.0,1001.3
92.0,8.0,991.8
66.7,16.2,1023.9
42.5,13.3,1008.5
42.1,12.1,999.7
62.7,12.9,1001.8
61.5,16.1,998.3
84.4,19.7,992.2
84.2,21.4,999.2
67.1,10.4,993.5
69.1,12.5,1006.9
33.7,14.6,998.7
36.5,15.9,992.8
67.8,16.9,1021.5
89.1,6.2,1016.5
51.2,6.8,994.6
31.4,22.4,993.0
38.7,17.6,1002.7
79.7,19.0,992.2
71.8,20.4,1005.2
51.2,12.2,1016.0
40.9,15.4,1021.0
75.6,17.9,1013.1
62.6,20.3,1020.3
75.3,3.6,1009.2
66.2,8.7,1006.4
49.4,5.8,1001.6
41.6,24.6,991.8
32.6,12.8,1011.2
79.5,13.0,1003.6
90.2,8.4,1023.6
56.3,3.9,995.4
35.7,9.7,1010.0
35.9,2.3,999.0
48.7,5.9,1024.2
65.3,16.1,1003.0
58.1,15.3,1002.0
47.0,12.2,1023.8
86.4,4.1,1006.0
92.3,24.2,1005.5
77.9,10.1,1001.0
93.4,24.6,998.5
74.0,6.9,1019.5
38.7,10.0,1011.7
43.9,10.4,1003.7
34.4,19.9,1020.0
34.0,9.6,1014.3
59.0,7.2,1013.2
66.9,15.3,1021.1
45.1,13.6,1001.3
86.4,20.6,1016.9
72.0,16.7,992.9
75.0,5.3,1020.7
86.4,4.6,991.7
91.3,4.6,1015.8
47.1,18.0,1015.4
83.4,17.0,1024.4
83.7,11.8,1006.4
34.3,10.2,1013.9
38.1,22.0,1021.2
83.4,22.2,998.5
83.3,12.1,1002.0
42.1,15.5,1019.4
51.2,2.6,1015.7
43.4,17.6,1020.1
82.8,18.2,1019.2
71.6,15.3,995.8
89.5,13.5,1021.9
74.4,12.3,1004.2
66.7,22.6,993.6
59.4,6.3,1000.6
81.7,6.5,993.4
72.6,16.5,999.3
84.1,17.5,1024.3
37.0,16.5,1005.1
91.1,7.8,992.4
46.7,16.4,995.1
68.7,8.2,1018.7
92.8,5.1,1024.2
47.7,9.9,1024.3
83.4,4.8,1010.3
76.1,16.7,992.5
83.0,22.4,1004.4
36.1,6.9,1015.8
85.4,5.3,990.3
30.5,18.8,998.2
70.8,21.9,1013.4
53.3,15.0,1022.1
62.0,23.0,1001.7
38.4,12.3,1017.2
76.2,24.6,1013.3
41.4,19.9,1013.6
46.1,17.7,997.4
31.3,9.8,990.2
81.4,9.1,1002.9
56.4,22.9,993.1
82.3,3.1,995.2
92.4,15.0,1022.6
59.9,13.6,1016.8
86.7,13.9,992.6
93.6,5.0,1009.1
85.6,22.1,994.5
81.3,18.4,1020.6
57.8,4.4,1007.7
64.8,12.9,1007.2
62.0,13.2,1001.7
41.0,9.4,1009.0
54.5,19.5,997.2
52.0,3.2,1019.8
50.7,13.3,992.9
90.0,17.2,1024.6
30.3,13.7,1000.5
65.1,11.4,1022.7
37.0,13.8,1007.1
33.3,19.1,1015.3
46.2,11.4,1024.5
33.5,14.9,996.0
37.6,20.1,1000.4
80.9,7.6,1019.5
89.8,7.9,1001.8
56.1,5.5,1002.8
42.4,4.8,1024.5
66.0,16.8,1012.8
65.4,5.8,1017.9
51.9,16.3,1013.2
40.2,24.6,993.4
34.3,7.9,1002.8
79.5,22.0,1005.1
91.9,10.1,992.9
61.5,10.7,1002.9
73.6,18.6,1010.2
65.5,23.9,1004.3
65.0,5.9,996.6
72.3,8.3,1024.3
32.4,14.4,1006.0
45.6,10.2,995.7
90.8,19.1,1019.0
31.8,14.8,1016.0
78.8,13.5,1001.5
43.2,9.6,1001.0
85.7,10.9,1022.0
33.8,23.8,1016.8
87.3,14.7,994.0
77.0,24.3,1006.9
58.0,16.2,1004.2
91.7,14.4,992.5
72.1,13.9,994.1
70.5,23.9,1003.4
56.7,10.6,990.9
60.8,19.7,1022.0
85.0,21.4,1015.5
81.5,2.6,1019.2
90.2,17.4,1021.1
92.9,14.9,1007.6
68.1,10.4,991.9
41.9,18.0,1009.6
35.1,23.2,999.5
78.1,12.8,991.7
55.0,4.7,998.8
53.8,5.0,1008.8
46.1,6.6,1003.0
61.5,20.6,1014.3
73.3,22.9,1010.6
62.1,22.7,1021.4
50.8,7.8,1001.2
52.5,9.6,1016.1
46.0,16.6,998.9
86.2,10.6,1002.3
74.0,17.2,1002.4
54.6,23.4,1009.1
76.1,4.1,1005.3
83.8,9.8,993.1
90.7,23.7,990.1
67.1,17.6,992.6
49.8,21.2,1010.0
40.7,24.4,998.1
71.3,18.9,1005.9
62.7,23.6,1018.2
55.9,24.1,1000.9
44.3,19.0,1004.9
30.8,7.4,1022.6
93.4,6.5,997.5
63.2,10.4,1011.7
37.9,11.6,1005.7
89.0,16.4,999.6
92.3,11.0,996.3
70.3,6.4,996.7
50.9,6.8,1002.5
90.5,20.6,990.1
32.5,7.3,1018.1
43.0,10.7,1021.9
43.7,11.3,1012.7
57.8,9.3,1016.8
73.7,5.1,998.0
59.0,14.4,1013.7
92.0,21.4,1002.7
33.9,19.2,1019.0
90.8,11.9,1006.5
45.6,17.3,1021.9
84.0,14.3,990.0
48.2,7.6,992.7
92.4,2.9,1024.5
68.1,8.1,1005.7
72.0,18.8,990.7
90.4,20.5,998.6
74.0,2.8,1007.4
70.5,15.2,1012.3
58.1,17.0,1011.7
74.8,21.2,991.5
92.3,2.6,998.6
56.5,20.5,992.3
64.7,3.6,999.7
73.6,21.9,1011.9
80.4,19.3,997.7
92.6,13.9,1006.2
70.9,21.8,1006.0
54.6,24.8,1017.0
80.7,15.6,1003.3
62.8,5.0,1016.8
63.7,7.8,1004.2
47.4,15.0,1015.0
38.6,21.8,993.9
33.0,16.1,1020.4
37.8,17.4,1020.2
47.2,3.2,991.5
73.5,6.4,1003.5
71.7,8.9,993.3
39.1,14.5,999.9
36.9,5.6,1007.1
47.9,21.2,1000.4
49.7,2.9,1012.9
61.4,6.9,1015.8
91.2,3.1,999.4
75.1,12.5,1006.5
62.3,24.7,1023.1
65.1,13.3,1010.3
36.5,14.1,1004.1
94.2,4.2,1024.2
82.7,5.7,1021.3
67.2,17.4,1024.0
46.5,9.0,996.4
55.4,4.3,1000.8
42.6,6.8,998.0
38.7,14.8,999.0
47.4,16.0,1004.2
89.4,21.2,1012.8
86.6,17.4,990.4
58.6,11.7,1023.6
51.9,3.7,1019.8
38.1,11.5,1001.4
31.5,8.6,998.4
66.4,15.5,1009.2
44.6,20.1,1002.3
68.4,19.9,998.8
73.0,6.3,1007.8
37.4,23.2,991.9
39.6,15.4,1015.0
30.1,11.6,1015.6
77.1,6.8,990.4
67.7,6.3,1011.9
88.6,9.4,1016.1
40.2,22.5,1005.4
51.2,9.5,1011.8
58.5,13.8,997.0
34.8,18.5,1013.4
80.6,16.8,1014.2
87.4,19.2,1023.8
70.0,19.2,1000.9
46.7,11.5,1014.1
71.9,14.7,1016.7
45.4,7.1,1022.3
30.3,4.2,1004.9
30.1,23.0,997.3
77.8,5.9,1016.0
38.3,8.0,1020.9
55.4,8.5,1003.2
46.2,9.8,1018.1
87.1,9.9,1022.3
57.9,23.5,995.8
94.1,18.5,1019.9
36.7,7.8,1022.9
56.8,23.7,1001.8
43.4,15.9,1014.2
34.4,21.1,1007.3
81.4,11.4,998.1
30.6,6.5,1002.1
91.1,17.0,1003.5
65.7,6.8,1003.8
82.1,18.2,1007.2
47.5,5.0,1017.9
64.9,17.7,994.2
41.6,21.6,1020.2
68.8,13.7,1010.5
88.6,16.4,1015.5
69.2,17.4,1019.1
38.4,8.3,991.1
40.5,23.2,1016.5
74.7,20.0,1005.9
47.8,6.8,1005.9
36.2,19.4,999.0
71.4,12.9,1011.6
82.1,21.0,998.0
46.0,8.2,1019.9
32.7,18.3,991.1
92.4,9.7,998.2
91.7,13.1,1001.7
77.6,16.0,1010.5
43.9,23.9,1015.5
68.1,3.9,996.7
55.3,6.6,1007.3
93.3,18.8,998.5
37.7,4.9,1022.7
93.1,11.1,1023.7
71.9,9.0,1022.2
36.7,18.4,1003.5
57.3,3.2,1014.0
61.6,7.4,1015.6
34.5,7.5,1022.8
51.8,17.6,1000.1
90.9,4.9,992.0
31.0,14.9,1001.0
36.3,10.3,994.4
81.8,18.2,1017.7
31.6,7.0,1010.7
30.7,7.8,1024.3
79.3,17.1,1002.8
34.5,13.7,1004.8
86.8,12.1,990.6
34.6,16.2,1012.6
76.1,6.1,1001.8
31.9,21.9,1016.1
43.4,4.9,1021.6
82.2,23.6,1007.0
41.7,20.7,991.1
85.4,8.5,1008.6
45.2,12.3,1017.6
55.8,5.9,997.9
73.1,24.4,1001.7
92.4,15.6,1005.7
67.9,2.1,998.5
52.8,19.8,1010.0
44.8,4.7,1024.5
34.2,12.4,990.8
72.5,15.0,1020.1
75.2,16.8,1003.4
47.6,12.0,1008.2
58.8,4.0,1012.8
90.3,4.1,1008.0
60.5,24.9,1009.4
48.2,2.0,1010.9
76.3,24.0,1022.3
40.2,12.2,1017.3
66.2,5.1,1021.1
82.3,20.5,1003.1
72.1,3.5,1010.8
72.6,23.1,1021.5
48.6,17.6,996.0
87.5,22.1,1016.7
56.2,14.2,1002.2
86.0,17.8,998.7
94.6,24.0,993.4
62.7,8.4,1020.2
32.3,20.4,1006.0
47.9,12.1,993.2
44.8,14.4,997.1
32.3,18.3,996.2
62.3,5.3,1014.8
41.5,9.3,993.0
47.1,24.1,1010.6
51.0,19.1,1007.6
73.2,14.1,1014.2
44.3,11.3,997.5
46.4,11.0,992.8
58.1,5.4,993.6
46.3,7.3,1001.5
64.0,20.2,994.5
66.2,24.4,998.1
50.1,13.4,1015.6
39.1,5.2,1007.7
61.3,11.5,1016.9
85.0,15.5,1002.5
38.3,17.0,1001.5
76.8,13.6,1010.4
45.7,23.5,1013.0
31.9,6.9,992.3
86.0,11.6,1009.8
73.6,4.2,1001.7
32.2,18.7,1014.4
93.7,9.4,1010.3
80.7,16.7,1012.0
86.7,13.8,1019.0
70.0,15.7,995.7
41.1,4.0,1021.3
86.1,20.0,1022.6
30.3,16.8,1019.8
59.3,15.6,1015.8
47.9,9.6,1015.2
71.4,10.6,1023.0
52.1,5.8,1024.2
77.1,8.9,1010.2
35.5,4.4,1018.5
61.5,15.0,994.0
53.7,4.5,1019.6
93.4,11.1,1010.0
32.7,21.8,998.0
80.4,7.8,1007.7
57.5,20.0,1016.7
51.5,11.2,1024.3
61.7,8.6,993.0
51.1,5.3,1018.4
65.1,15.9,1024.5
72.7,11.6,1011.0
63.9,17.2,1001.3
92.5,10.2,1004.3
38.8,23.5,1011.2
80.0,21.6,996.0
32.1,7.3,1017.9
37.4,18.8,990.0
90.7,19.0,1023.6
69.0,13.5,1014.0
34.2,14.3,1021.9
64.6,11.3,1021.2
90.3,2.4,993.5
75.4,13.3,1005.8
46.2,7.6,995.9
74.7,8.8,999.8
73.1,8.7,1008.9
76.9,16.1,1018.7
65.0,22.1,1018.0
85.0,7.8,1015.6
76.0,20.5,1002.9
70.1,19.4,997.3
58.7,16.6,1024.2
84.8,19.3,1020.2
87.0,21.2,995.7
57.3,14.2,1018.2
33.3,18.0,1004.3
67.6,23.0,999.3
45.3,2.2,1006.1
66.4,7.3,1008.7
79.0,15.8,999.3
67.9,8.6,1019.5
75.6,18.7,998.0
45.4,24.3,1015.1
39.5,10.7,1020.5
77.8,23.3,1021.8
87.5,24.5,1020.8
69.9,2.1,996.5
52.7,13.4,1005.0
66.2,4.0,1011.3
34.9,12.8,1015.2
91.0,22.5,993.3
53.6,16.6,1017.1
52.6,5.3,991.2
77.7,4.5,1007.7
74.9,16.3,1021.2
34.0,18.5,1016.0
39.4,6.2,1004.2
78.0,13.4,1002.0
41.1,20.7,1007.3
88.7,17.8,1022.9
55.3,15.7,1020.5
36.9,23.5,990.6
50.9,20.0,1008.6
46.2,23.7,996.8
47.1,3.1,997.7
55.2,23.8,992.4
50.3,8.6,1000.4
55.6,7.3,1016.0
76.5,2.1,1005.8
46.8,6.9,999.5
76.4,20.9,997.2
60.5,17.8,990.6
85.4,20.2,1000.7
62.0,7.6,1024.7
93.1,16.6,1016.6
41.4,14.4,1024.8
75.2,4.1,997.4
31.0,23.3,1012.6
38.5,19.0,1011.9
46.4,15.7,1006.1
74.1,12.9,1008.8
40.6,22.5,998.6
49.1,21.5,1002.9
33.6,3.8,1009.6
90.7,11.8,996.9
47.1,3.3,1003.0
53.8,22.5,1018.1
82.8,18.5,1013.8
39.7,21.4,990.0
36.3,4.8,997.4
69.3,12.2,1025.0
44.8,12.9,1013.7
30.8,9.6,999.4
55.2,19.1,1016.5
61.5,18.5,993.8
92.2,13.2,1019.1
50.3,9.5,1000.3
60.6,22.6,1023.1
41.5,2.7,1012.5
90.3,2.2,998.4
89.1,23.0,1021.2
87.1,22.6,1000.2
44.6,7.3,990.0
88.7,12.3,1017.1
67.9,17.7,1016.3
71.3,6.7,1005.5
72.6,18.5,1004.6
54.2,15.5,1015.2
93.8,8.0,1007.9
75.8,4.4,1011.4
87.9,13.3,1019.6
70.6,4.7,1012.7
90.1,20.0,1008.2
48.2,7.3,998.1
60.8,11.6,1002.1
63.4,19.5,1005.0
55.2,21.5,1020.6
31.2,18.5,1016.7
49.9,20.1,995.9
37.7,16.3,1001.0
92.7,18.3,1017.7
85.9,19.8,1001.6
60.9,5.7,1017.6
32.6,15.5,1007.5
73.5,12.8,1003.9
93.7,16.3,1019.1
90.2,11.8,993.5
50.6,22.1,1002.6
38.3,22.9,998.2
92.0,13.0,997.8
92.1,11.5,998.1
35.8,7.8,1004.6
39.2,13.2,1022.5
36.9,20.1,1003.2
92.2,20.8,1002.8
62.7,6.1,1008.0
46.5,5.0,1024.1
72.0,13.6,1012.7
40.3,8.2,1010.7
45.4,18.0,992.9
69.1,9.4,1019.4
71.7,8.6,1007.5
85.4,11.1,1013.7
84.3,7.8,1003.0
93.3,11.8,1002.6
82.4,8.8,991.8
80.0,2.2,1022.8
45.3,14.2,1010.7
78.0,12.4,1008.0
51.3,16.3,1009.0
86.8,15.4,992.5
92.0,9.6,993.2
78.0,23.9,1020.3
67.4,4.4,1020.0
35.9,21.6,1005.2
49.3,24.5,1021.6
60.7,3.7,1021.3
56.6,14.6,1011.3
73.0,16.9,1020.5
39.1,23.4,1020.6
70.0,21.3,1008.4
44.3,12.2,1016.4
60.9,22.5,1019.7
84.9,11.9,1008.9
87.3,2.1,998.6
43.3,22.1,1011.5
46.1,12.5,992.5
92.1,24.3,1006.7
40.8,16.4,1008.8
91.1,8.6,996.8
63.1,10.6,1006.0
79.2,19.9,1007.0
44.9,22.2,1020.4
66.3,6.2,1016.3
75.8,15.5,1002.4
58.2,8.9,1016.2
89.6,7.1,990.3
83.3,11.4,1002.2
34.3,8.7,1003.0
37.7,22.5,1014.5
92.1,2.6,1022.4
53.6,15.2,1021.1
86.5,15.5,1021.1
70.7,18.3,994.7
37.0,2.9,1016.4
68.0,12.3,1009.0
55.2,3.3,1000.0
84.2,3.5,997.6
81.3,12.9,1004.5
43.2,4.4,1007.3
51.1,21.2,1004.7
43.6,22.8,996.9
50.2,3.3,1022.5
44.5,11.3,1014.6
61.5,5.4,1010.2
46.0,23.6,1015.8
87.1,2.9,991.5
85.2,23.3,1014.5
68.4,16.8,1020.7
92.4,17.4,1022.6
88.9,5.4,1006.4
57.0,16.0,998.9
90.1,2.9,1003.5
72.6,15.8,1022.8
86.0,3.1,1001.7
53.9,11.4,999.6
54.8,22.8,1009.6
32.6,18.1,1018.9
79.8,20.2,1008.6
32.0,23.3,1008.5
54.1,21.2,1004.0
51.1,9.1,1021.5
44.1,12.8,1002.1
53.9,23.7,996.3
84.3,3.4,997.3
91.3,15.8,1024.2
81.7,4.1,1013.4
43.4,21.2,1001.4
69.4,19.9,998.0
73.0,11.9,1013.4
79.7,18.2,1023.0
37.2,14.2,1020.7
41.1,12.9,1002.3
88.3,2.6,1003.2
69.8,17.5,997.2
66.6,8.5,1011.1
92.8,23.8,1002.0
66.0,12.5,994.6
65.7,23.9,995.0
60.2,15.8,1005.9
45.1,12.2,994.0
87.6,9.2,996.2
54.9,23.8,995.1
47.8,4.5,1022.3
79.3,11.7,1024.3
81.9,19.1,1006.3
69.3,3.0,1018.6
72.4,19.6,1014.1
87.3,6.4,1010.3
34.7,23.3,1003.1
91.2,4.3,1013.6
93.7,13.4,1022.6
44.6,22.6,1004.5
31.6,11.7,1000.8
70.8,5.1,1014.0
94.9,16.0,1015.4
66.2,9.9,1004.0
57.0,3.2,1004.0
74.0,22.3,995.6
85.6,10.6,994.9
44.1,4.5,1019.3
88.6,22.8,1007.7
82.7,13.7,1023.1
82.8,21.8,1018.8
86.5,2.1,1007.3
35.7,16.9,1022.1
88.1,11.5,991.6
51.9,13.8,994.6
91.7,10.1,995.8
43.4,9.4,991.3
34.2,19.5,1007.0
76.5,16.1,1011.8
58.3,10.1,1004.1
34.8,23.9,1025.0
70.9,15.2,1019.2
45.1,9.1,1011.6
62.7,3.4,1015.5
80.2,12.7,1022.5
36.9,23.8,1024.9
74.8,3.7,1014.3
62.1,6.4,1016.1
49.9,16.3,1012.6
50.0,2.1,991.5
77.9,20.6,1019.4
66.7,7.9,991.8
45.6,4.9,1009.1
76.5,22.0,1010.3
94.5,7.2,1006.7
54.3,18.7,991.8
42.6,15.1,997.8
58.4,9.8,1022.8
80.2,15.5,1017.2
87.6,22.8,1018.5
87.2,14.2,1002.5
82.6,3.9,990.7
51.6,20.5,1004.9
41.0,7.6,1000.4
38.1,3.5,1021.4
74.3,19.9,1006.7
43.2,22.1,1024.9
36.4,2.1,990.7
35.0,20.2,1004.6
45.6,9.7,999.5
33.2,17.6,1023.4
50.1,22.2,993.5
55.2,12.3,1022.1
64.6,8.3,996.1
92.4,22.1,1000.8
45.8,11.9,1020.4
87.6,3.7,1019.3
85.6,19.2,1009.8
79.2,7.5,1019.8
84.9,11.1,1024.4
72.3,20.6,1005.3
67.6,9.6,1024.2
39.7,6.4,1009.2
33.4,16.4,1009.8
38.9,6.1,1020.6
93.7,19.5,1000.4
47.4,12.9,1018.1
68.7,8.2,1024.6
47.8,19.5,1011.3
73.6,2.7,990.5
39.0,2.3,992.7
65.6,21.8,1016.4
32.6,2.9,1011.2
65.7,18.2,1011.5
91.2,20.5,995.7
38.5,22.7,1010.3
94.5,13.3,1013.9
42.7,9.7,992.9
37.2,19.8,1021.4
85.6,2.8,993.7
80.4,9.2,1009.6
79.6,2.9,1002.7
90.5,19.0,1011.1
43.9,19.6,1000.2
94.2,13.3,1011.0
52.4,13.6,1023.6
52.8,11.7,996.6
39.1,20.0,993.9
87.4,6.3,1007.5
52.2,5.6,1017.6
46.4,20.7,1017.1
71.2,21.1,1002.4
54.1,3.5,1015.0
62.5,19.4,1005.8
73.1,15.8,995.5
56.7,3.0,997.6
43.9,4.6,1010.1
39.8,12.6,1010.8
87.6,13.1,1001.6
89.4,13.7,1024.9
31.0,7.2,1006.4
94.4,7.0,994.8
49.0,6.9,1003.1
44.3,11.0,992.2
51.8,17.1,1009.0
42.1,17.3,1023.5
40.2,12.8,1024.5
72.1,2.3,990.0
33.5,17.2,1015.2
91.5,15.9,1013.8
48.8,17.7,1012.3
74.1,18.7,992.1
37.1,2.8,1009.0
79.2,6.8,1016.8
55.2,18.0,1005.3
60.6,15.9,1021.3
47.0,3.9,994.7
91.1,10.3,1022.0
34.2,18.6,1018.4
79.7,5.8,997.1
48.5,18.9,990.3
73.5,21.2,1016.5
67.9,8.8,1016.7
55.8,16.7,996.1
63.5,5.5,1019.3
79.0,6.2,1017.9
73.0,3.7,1016.0
88.7,20.7,1019.0
70.9,7.4,1010.6
61.7,4.1,1016.3
41.3,10.6,1020.6
57.3,16.4,1022.7
41.6,6.1,1022.4
38.9,2.8,1024.4
81.5,20.9,1006.8
75.3,7.5,1001.3
49.4,20.2,1023.7
39.4,19.6,990.8
54.3,23.1,1004.0
59.6,23.7,1020.9
87.0,20.4,1011.9
63.8,9.8,996.3
54.1,16.3,1013.3
65.9,9.8,1000.9
40.9,13.4,1020.6
32.5,15.2,1018.5
94.7,10.9,1011.5
57.7,12.1,1008.2
64.7,14.8,992.0
31.2,14.1,997.6
70.0,24.4,1021.3
83.5,11.8,1015.6
83.0,3.4,991.2
36.1,23.7,990.2
34.9,17.9,1020.4
91.6,24.6,1023.8
78.1,21.5,1008.9
92.0,2.9,997.0
57.3,14.4,1005.5
92.0,6.1,1009.6
94.9,8.3,991.1
42.6,16.0,1009.6
41.8,20.8,1012.9
61.5,9.9,1023.9
41.0,5.8,991.9
43.1,10.9,1021.8
35.9,9.6,1009.0
34.3,5.9,1009.8
69.9,23.6,990.1
54.8,23.7,1011.4
30.1,6.1,994.4
65.3,11.1,996.6
55.2,19.4,1004.7
37.3,7.4,1022.7
34.7,24.9,1007.8
66.1,16.4,1019.4
42.3,9.2,1013.3
81.0,11.5,1015.1
83.8,7.4,1014.3
39.6,9.7,995.9
52.0,4.2,1002.1
73.4,2.5,1015.9
41.2,14.4,1014.2
70.4,22.2,1004.2
65.7,24.3,1015.5
64.9,14.4,1022.5
42.1,6.5,1006.8
67.1,13.3,1000.4
63.1,21.7,1000.9
50.0,14.4,996.9
86.4,2.8,1024.9
53.2,5.8,1019.6
31.1,22.7,1023.9
77.7,16.0,996.5
45.0,14.6,1006.8
53.8,16.9,1020.9
32.4,3.8,1023.6
84.4,10.0,1017.1
48.9,9.7,1017.2
89.3,10.9,1010.2
88.1,2.4,993.9
53.5,14.2,1019.5
46.3,4.1,1014.0
70.1,14.2,1013.9
47.3,23.3,993.3
40.7,14.7,1017.9
78.6,12.7,1022.5
38.4,21.1,999.9
55.6,10.6,1018.0
33.4,15.4,1009.4
82.7,6.3,1016.6
69.1,7.2,1006.0
90.7,9.2,1006.9
43.3,23.7,995.9
89.8,14.8,998.5
60.7,10.7,1013.9
51.2,4.5,1004.9
84.9,13.4,991.4
39.3,19.3,1005.7
71.9,18.5,1012.5
30.1,10.3,1003.8
69.6,12.2,1000.0
35.8,10.6,1021.1
84.8,15.2,1024.4
79.6,23.8,1000.2
78.2,14.9,998.6
81.0,14.8,1017.5
44.4,24.8,1018.3
92.2,22.9,1019.0
72.7,24.8,1013.7
46.2,9.5,1018.7
33.6,4.0,1010.7
79.9,11.3,1009.9
53.1,18.3,993.0
70.9,24.2,1010.3
92.8,11.1,999.5
50.3,8.0,1007.1
93.3,13.3,992.6
74.7,24.1,1019.1
48.1,18.1,1006.0
94.0,3.7,1020.7
49.9,20.4,999.0
71.8,13.9,1002.1
72.5,17.4,990.5
49.0,15.7,994.3
70.2,23.2,991.3
67.7,20.5,1015.8
46.0,2.9,991.3
34.6,17.6,1016.7
36.1,3.8,1005.0
93.1,3.8,1004.1
90.7,24.2,1022.6
79.7,15.8,1001.6
46.8,2.2,999.9
42.3,23.1,1007.4
72.4,10.9,1010.9
46.5,23.7,990.7
52.8,17.1,990.5
87.7,8.6,1004.3
70.7,3.8,996.7
73.7,13.3,1018.8
63.4,24.2,1001.4
52.6,15.6,994.2
93.2,19.2,999.9
57.3,14.9,1024.1
48.9,14.9,998.7
42.1,10.1,992.2
72.0,17.9,994.0
58.2,9.3,992.1
64.9,17.2,1000.1
56.6,22.3,1011.2
76.3,9.1,1020.5
73.7,9.3,1010.5
86.9,12.6,1023.9
61.8,5.5,1016.8
79.8,12.5,1020.3
48.0,3.9,995.5
58.7,13.9,990.3
43.3,23.6,999.5
85.3,2.9,1016.4
61.2,8.9,1023.2
60.8,23.8,992.1
41.2,6.3,1007.1
74.8,3.6,1020.1
44.1,20.7,990.2
35.5,5.4,996.5
72.5,4.9,991.7
70.8,11.4,1003.0
37.4,15.3,1024.6
39.3,5.5,1004.8
47.7,24.6,1001.5
72.9,24.8,1016.9
79.4,21.4,1013.6
49.4,20.7,1012.6
35.7,23.3,991.1
34.1,2.9,1011.4
69.7,18.9,1011.7
73.7,18.3,991.4
31.4,18.5,1005.5
39.5,22.6,1007.4
60.8,6.5,994.0
45.8,9.2,1021.7
35.6,23.0,1024.1
30.9,2.9,1019.2
44.2,19.6,1005.6
33.2,22.4,1002.7
36.7,13.4,1006.5
87.0,11.2,1002.6
33.9,16.1,998.4
41.9,14.1,1011.0
79.5,13.5,1008.7
60.4,24.7,1021.1
64.6,24.7,1008.3
60.1,24.6,996.3
83.2,23.5,1024.6
35.8,19.9,1012.1
74.0,7.8,1003.3
54.0,9.7,999.7
42.4,8.3,1004.3
79.3,22.3,1011.5
54.1,17.6,1014.0
51.5,5.4,1009.4
37.1,6.3,1016.8
76.6,9.9,1016.6
82.5,5.0,1003.4
65.2,14.5,1006.5
65.8,23.5,1021.3
53.0,15.3,1008.2
40.4,3.4,1021.1
82.4,12.5,1009.3
64.2,13.9,1011.3
31.1,12.6,1024.4
60.7,8.1,990.6
87.2,19.0,1008.8
70.9,8.7,996.5
91.1,8.7,1019.0
62.6,12.3,1002.7
50.0,13.7,1014.2
82.7,11.6,1016.6
45.0,10.4,1024.6
78.7,13.6,1013.9
38.0,17.5,1004.5
55.0,2.5,1022.6
67.6,12.1,992.6
36.0,14.4,995.6
35.0,12.4,1007.7
78.1,20.0,1002.7
89.9,23.5,1006.0
66.5,19.8,1019.4
38.1,3.1,1005.4
81.0,22.4,1019.3
87.0,11.9,1001.6
43.6,14.5,997.2
94.4,20.2,1016.9
45.4,6.1,991.8
66.6,7.9,1009.8
94.0,13.8,1014.7
35.4,9.0,1012.9
32.7,10.8,1006.5
40.3,5.3,1005.6
35.5,5.2,1013.5
36.0,2.7,1011.6
69.9,3.0,1002.0
54.9,20.6,994.7
59.7,9.0,1009.6
42.1,3.6,1004.7
88.7,17.4,1021.3
63.4,16.7,1006.4
89.2,2.6,999.6
76.2,18.3,1016.7
92.0,7.7,1011.0
59.2,3.1,996.9
78.7,9.5,1000.1
80.4,11.7,1007.9
48.5,20.8,1022.0
58.2,20.3,1016.7
85.8,21.8,993.4
94.5,5.4,1002.2
89.6,10.6,1010.2
60.8,20.6,999.1
42.8,20.0,996.3
67.3,6.2,1011.6
53.5,11.4,1012.8
89.8,18.0,1021.2
75.3,22.7,997.6
44.8,15.9,1022.6
40.5,2.5,998.2
33.3,16.8,995.9
68.1,2.8,999.4
47.7,11.1,1009.7
71.9,15.7,1022.4
38.9,21.8,1005.8
74.2,21.4,1015.2
30.9,7.3,998.8
48.9,10.4,1018.1
84.9,18.9,1000.0
87.4,5.5,1004.0
44.0,16.1,992.4
68.7,20.3,991.2
63.4,12.8,1000.9
94.3,21.9,990.8
54.0,22.7,1012.0
69.9,18.9,1009.1
69.9,21.6,992.7
65.9,11.4,990.9
53.7,19.6,1003.3
88.1,3.3,1003.1
53.7,20.3,1014.8
89.2,8.5,1012.9
33.2,16.8,998.5
36.6,23.1,1021.4
81.9,13.8,1001.3
87.1,12.7,1013.1
43.4,6.8,1003.9
76.0,5.0,1019.5
68.6,20.0,1014.0
47.6,14.6,1014.6
82.4,16.0,1020.7
93.5,15.0,993.4
88.3,20.6,1018.7
80.3,11.1,1024.4
61.8,14.5,991.1
42.9,9.0,1010.5
30.2,23.4,994.1
64.5,21.6,1014.8
56.6,11.6,991.6
36.5,2.5,1016.5
79.9,13.0,1015.3
90.0,7.9,1016.3
89.7,16.7,992.1
50.4,17.3,999.3
65.9,16.5,1011.6
44.7,23.1,1012.5
46.4,7.8,1001.7
43.0,10.4,1020.8
67.0,5.2,1018.7
69.5,18.4,1022.7
81.5,8.8,1009.6
59.4,22.7,1007.3
51.0,18.6,1017.1
40.3,21.6,1006.0
68.2,20.4,1022.4
72.3,5.9,990.3
50.4,17.8,1002.2
85.5,17.6,1021.2
47.2,23.5,995.0
81.3,8.0,1010.2
45.5,5.6,1020.2
87.7,10.5,996.0
68.3,7.5,1013.8
51.8,19.5,1007.0
67.3,14.5,1007.1
90.7,12.7,1019.2
88.0,24.5,1001.2
92.7,15.2,1015.1
60.7,12.9,992.1
55.4,24.7,1017.7
37.2,18.2,1016.1
86.3,10.8,1018.3
32.3,23.2,995.3
70.6,10.1,1024.9
37.9,3.7,997.1
92.7,8.1,992.7
45.8,15.2,1020.5
74.9,13.4,1003.7
65.2,12.9,1018.0
52.0,23.6,1001.9
45.4,22.4,1003.3
89.0,11.9,1012.4
88.1,20.1,1014.4
66.8,9.0,992.4
69.6,13.0,1024.6
85.3,15.2,1005.8
59.2,9.2,1021.8
90.6,18.3,992.0
44.7,23.5,1000.1
62.4,5.0,1015.1
51.1,5.3,1021.6
76.8,4.5,1022.6
49.7,11.0,1013.5
36.3,18.9,993.1
90.0,24.0,1010.3
90.3,6.9,1008.6
82.5,24.8,1011.8
82.8,7.4,1021.8
55.1,8.8,995.2
32.4,11.9,1015.5
92.3,6.5,990.2
78.5,9.9,1002.2
78.9,10.3,990.6
30.6,3.3,1010.4
85.7,17.1,998.9
56.9,5.6,1006.9
64.2,2.9,1013.5
70.1,12.6,1024.1
58.0,7.5,997.0
76.0,24.2,1011.4
45.9,8.2,1011.0
82.4,18.0,1014.6
40.2,21.0,1020.0
31.4,17.5,1016.4
41.0,13.1,995.9
48.5,3.9,1001.5
32.6,24.2,1007.9
55.7,9.8,994.3
69.8,15.6,1002.3
70.6,13.1,1022.4
84.3,12.1,1013.8
50.6,16.6,1003.4
79.3,24.8,991.9
40.1,16.7,1008.7
78.5,14.0,1011.3
88.2,18.8,1019.8
73.3,5.7,999.5
72.5,6.1,1011.9
74.5,15.8,1025.0
45.1,6.2,1001.3
57.5,13.3,1015.7
61.8,21.0,992.7
84.9,23.8,1002.5
55.7,15.0,990.2
86.5,16.4,1021.5
94.9,16.2,1002.0
35.5,8.8,1010.2
80.8,17.7,1006.9
39.7,23.2,1024.1
62.1,8.0,998.1
70.3,2.7,991.7
46.6,13.5,1009.1
81.3,21.4,993.9
42.6,11.8,1021.5
41.5,14.1,998.4
72.2,16.9,1021.8
34.8,10.3,1011.5
93.0,5.3,995.9
83.8,12.1,1023.3
88.9,9.6,992.2
43.3,15.5,991.1
67.3,15.6,1013.5
83.6,20.5,1013.2
75.4,17.8,991.2
47.5,20.7,1000.4
31.0,4.1,1005.1
78.3,24.4,1009.6
30.5,3.6,1002.7
59.2,10.3,992.2
91.2,12.4,1001.6
77.7,5.8,999.4
40.6,7.7,999.1
53.7,22.0,1022.9
71.8,5.7,997.1
78.1,14.3,998.3
75.3,7.6,1021.6
92.0,8.8,999.8
65.6,14.3,1013.1
87.8,12.1,1003.3
69.6,9.3,993.3
60.5,21.6,1018.1
52.0,4.4,994.9
44.0,15.1,1022.0
43.2,12.8,1022.7
88.2,14.6,1023.5
70.0,5.3,1003.1
36.7,20.3,999.0
92.5,19.2,998.1
71.1,18.7,1021.9
57.8,3.9,1000.2
41.0,5.4,1001.4
70.1,15.0,1014.5
68.8,18.9,998.2
94.8,21.1,1011.5
68.3,17.4,1024.0
30.3,11.8,1000.9
60.0,11.4,1024.7
52.9,4.4,1008.7
57.2,13.8,1006.4
70.4,5.0,1020.2
90.0,15.1,1017.9
77.4,7.0,1004.1
50.3,2.2,1017.3
57.7,2.5,1023.9
78.9,8.7,1009.3
64.0,13.9,1016.1
55.5,16.3,998.1
45.8,22.1,1018.6
34.0,5.9,1017.9
80.5,13.5,1011.3
69.9,14.6,999.4
41.0,2.2,999.2
81.5,12.1,1014.4
72.6,8.4,998.0
89.7,18.7,1024.8
30.5,10.3,1006.8
44.4,16.3,1006.7
87.1,10.7,1012.4
34.3,8.7,1007.1
40.6,14.2,1003.9
49.2,5.4,990.9
69.0,11.3,1011.2
88.3,5.2,1007.9
65.2,23.8,1003.7
70.2,11.7,990.7
60.9,10.3,1021.1
75.5,12.4,1008.4
89.9,13.0,1011.2
89.8,13.6,1014.3
34.9,19.0,1008.9
56.6,18.6,1021.6
60.4,5.2,1019.8
66.5,20.2,1007.3
55.6,10.2,995.4
66.0,17.2,1021.5
67.8,2.6,992.0
36.9,17.0,1009.6
44.9,6.2,994.1
38.1,3.7,1006.6
79.2,11.7,1009.7
91.7,16.8,1009.4
60.0,2.4,996.1
52.4,3.8,1015.2
66.9,3.4,1022.2
93.3,13.6,1008.5
76.3,17.7,993.0
75.9,5.6,1019.9
88.9,4.9,1017.9
54.8,18.9,990.5
86.2,9.9,1001.4
42.1,5.8,995.0
41.7,17.6,1005.8
73.5,24.7,999.2
67.4,18.7,1011.4
52.7,2.5,1016.9
48.6,21.2,990.5
57.9,4.6,1012.1
55.5,12.3,1011.4
47.3,6.8,1014.7
34.2,12.8,1012.0
74.0,7.0,996.2
30.6,3.2,1005.0
92.8,12.8,1002.4
69.9,14.7,1014.5
49.0,3.9,1000.4
91.9,7.5,999.2
61.3,9.3,1008.4
91.2,4.4,1020.5
88.7,11.1,1005.0
69.6,10.5,1018.3
66.4,5.8,991.7
67.2,17.1,1006.3
70.2,11.4,1010.1
34.4,9.4,1022.8
58.2,21.4,1004.0
34.2,14.4,996.4
77.0,12.4,1019.8
31.2,19.5,1015.4
60.7,9.9,1022.6
83.5,14.1,1021.1
76.5,12.4,1017.0
75.5,12.7,1014.5
59.2,21.5,994.8
83.5,22.4,1004.9
86.5,6.7,1013.4
86.5,16.0,1003.3
74.3,10.9,998.4
38.3,2.8,1023.3
39.0,4.6,1001.0
33.0,11.7,1022.0
79.6,17.8,1024.8
56.7,22.1,1020.9
77.2,18.6,1001.4
58.1,18.4,990.5
82.8,24.6,1009.9
41.6,8.4,1003.2
32.5,3.5,1016.4
44.7,19.7,1016.5
94.4,15.2,1015.3
33.5,16.1,991.8
84.1,18.9,1017.1
78.2,8.9,995.8
31.3,4.3,1009.6
73.6,5.3,1000.7
35.2,17.1,1008.0
70.9,5.4,1002.1
35.7,3.1,1024.1
54.2,3.4,1023.5
41.1,13.6,1015.5
60.4,3.3,1025.0
80.7,15.8,996.0
53.6,19.7,997.3
82.7,19.3,1017.3
80.2,5.3,1007.6
53.3,23.7,1001.2
71.3,21.1,1010.6
92.5,14.1,990.5
44.6,10.6,1002.4
94.1,22.3,1019.4
91.7,7.0,1019.1
68.8,15.8,1003.1
30.1,10.5,1011.2
93.5,9.6,1005.5
73.1,7.2,1013.1
70.1,15.1,993.8
58.4,15.0,999.2
87.3,6.3,1000.7
63.0,24.8,994.1
77.7,14.6,1008.9
88.6,18.5,1003.8
59.9,7.3,996.7
59.6,5.7,1021.3
62.4,12.7,1005.3
62.9,4.6,1010.7
37.6,19.2,1016.5
38.9,17.9,1006.1
37.4,18.5,1013.4
53.8,3.3,990.4
36.7,21.2,996.0
69.3,13.4,1022.0
58.5,4.5,997.4
78.2,16.4,1006.8
61.7,7.7,1007.8
92.2,21.3,1016.6
56.1,16.1,1024.9
59.6,24.2,1023.1
70.2,18.7,995.0
74.5,21.8,1001.6
51.3,9.9,1018.6
92.9,14.3,990.6
93.8,2.7,993.3
70.1,12.4,999.7
73.1,2.1,1002.7
49.2,7.1,999.6
58.0,16.4,1001.8
78.7,6.8,1017.3
36.5,5.3,1022.7
77.9,17.9,1021.2
57.8,24.7,999.0
46.4,8.0,994.4
58.9,18.2,1019.0
48.0,2.9,1003.9
87.3,19.8,1012.1
39.0,5.7,1024.2
33.8,7.4,1017.8
75.4,4.4,1024.7
70.9,10.1,1015.7
62.4,16.8,1010.2
89.9,20.9,1017.3
95.0,10.2,1018.5
74.4,19.0,1007.3
62.5,18.6,1021.6
56.7,3.3,1015.1
88.2,11.9,1018.5
72.2,2.5,997.4
74.5,16.8,1015.0
38.0,21.8,994.9
88.4,7.2,999.1
34.2,18.7,1013.9
54.6,2.2,998.1
68.1,6.7,1011.6
90.3,18.2,1009.8
41.7,6.6,1004.3
93.1,17.5,992.4
88.4,3.5,996.6
52.1,23.6,993.8
44.0,4.4,1021.3
39.0,17.2,1011.3
68.8,10.1,991.0
65.1,8.3,996.3
46.0,23.4,1005.6
54.6,8.3,991.8
74.4,8.7,1021.2
37.2,8.8,996.9
66.0,2.5,1003.4
45.4,14.0,991.9
88.7,20.7,1010.1
65.2,6.1,1001.4
86.2,23.9,1024.5
71.8,22.0,1002.5
79.0,13.6,1007.3
51.6,14.1,994.9
64.9,21.7,992.2
50.8,21.7,991.3
41.3,2.7,1016.3
32.9,23.2,1009.6
68.9,16.6,998.3
82.2,13.4,1010.3
94.8,9.2,995.6
44.3,2.1,1024.5
55.7,2.3,1009.1
68.4,13.7,1012.4
82.1,6.6,1010.4
35.0,19.0,1021.4
77.5,24.0,992.2
51.5,19.9,1010.3
88.6,12.2,1007.8
38.2,20.1,1016.9
67.1,5.4,1000.2
63.1,8.5,1021.6
87.0,2.2,1005.5
51.3,12.2,991.0
40.6,23.3,1008.3
58.6,3.8,990.9
76.6,22.4,1004.0
39.0,5.5,991.6
72.0,24.4,996.3
83.0,22.5,1022.0
71.0,20.5,1021.1
95.0,21.4,990.3
56.9,16.0,1000.2
52.4,13.1,1016.3
36.8,16.0,1004.7
87.2,18.0,992.4
39.5,10.5,1015.4
85.0,14.9,992.6
78.8,21.2,1021.6
40.7,25.0,1005.1
65.5,22.6,1003.4
31.3,15.9,1000.1
48.5,6.2,1013.6
89.2,6.4,994.6
64.5,4.6,1019.2
74.9,12.3,1020.2
30.2,13.0,994.4
73.2,18.0,1008.8
70.1,12.5,1004.4
32.8,16.9,1014.0
51.9,11.0,1006.2
60.3,2.6,1018.9
62.1,4.9,991.9
62.3,14.2,1014.2
64.9,22.7,1014.8
33.4,6.9,1008.3
88.3,11.1,993.5
31.6,11.0,1008.1
47.9,11.8,992.5
62.3,19.2,997.1
61.6,16.4,990.6
88.3,19.8,1022.6
91.0,8.0,1001.4
65.3,13.8,1003.6
80.4,5.6,992.5
34.2,2.2,1019.5
43.6,10.3,1009.1
53.1,5.2,1002.8
77.5,24.6,1016.2
74.9,8.2,1012.0
38.5,9.4,1014.7
76.1,9.8,997.6
67.7,23.9,999.2
45.5,18.5,1018.4
93.6,8.4,995.7
69.3,19.8,1020.7
74.8,19.0,999.6
65.7,2.5,998.5
85.2,11.8,1017.6
35.8,3.1,1000.6
52.5,24.1,994.1
38.8,19.1,1024.0
51.2,5.4,990.8
77.1,15.3,998.3
76.1,9.2,996.8
67.2,7.3,995.0
78.5,8.7,1012.4
60.5,5.8,1004.5
45.7,6.8,992.3
77.3,11.7,1010.9
50.0,22.3,1019.0
62.5,9.6,1006.2
92.6,18.0,992.5
84.1,7.8,996.2
62.0,23.3,998.0
45.2,12.6,1011.5
73.9,12.4,1018.2
33.0,22.0,990.8
89.3,6.5,997.8
71.7,14.3,993.7
61.7,20.0,1013.5
45.6,19.4,1005.4
70.4,7.2,992.5
83.8,4.7,1020.7
91.0,14.1,998.2
83.6,3.6,1023.2
63.9,15.7,1002.4
68.6,8.1,1001.8
71.6,22.6,999.0
63.7,18.3,1008.9
72.6,10.5,997.5
48.1,20.0,1014.5
54.8,4.8,1016.6
79.8,19.4,991.2
58.7,10.9,993.9
47.6,12.6,1018.9
51.0,23.5,1007.9
81.4,15.4,1020.0
49.2,23.2,1010.1
47.7,4.7,1004.6
91.4,23.1,1010.2
69.5,20.3,1023.2
68.7,13.8,991.5
60.5,8.8,1019.2
48.4,4.1,995.2
72.3,5.4,1009.0
53.4,7.9,1021.2
43.0,15.5,1011.2
85.8,9.8,1016.3
34.5,11.3,990.9
34.2,16.9,996.5
94.6,9.2,1021.9
38.6,24.5,1024.5
57.3,3.6,1001.7
92.7,20.1,991.2
32.9,11.3,1013.9
65.2,17.7,1001.9
30.8,20.0,1013.5
51.8,9.9,1003.1
61.9,11.3,1007.3
92.7,2.4,995.1
88.8,8.8,1024.2
69.3,23.4,1023.2
84.9,24.3,1002.3
33.4,3.5,1000.5
54.3,5.2,1007.0
44.1,22.2,1006.1
68.6,10.4,994.4
61.1,13.7,1001.1
84.9,8.5,1013.2
56.5,19.8,1005.7
58.3,4.5,1004.2
92.2,19.3,998.1
60.7,12.4,991.3
79.6,9.2,996.5
49.0,15.3,1021.9
60.5,23.4,1018.8
70.1,10.4,1005.9
41.0,13.5,1017.3
70.0,23.5,1002.9
30.2,22.9,1012.7
30.2,13.0,1000.6
86.3,24.2,999.9
94.4,9.7,1002.0
49.3,20.7,997.7
32.7,13.9,1006.3
57.9,22.3,1021.4
34.5,23.4,1000.6
79.5,23.2,996.9
41.4,20.7,993.7
65.6,20.0,1012.8
77.9,17.9,1015.2
45.4,11.3,991.3
71.2,10.3,995.4
83.1,24.8,996.4
81.7,18.0,1023.1
91.5,18.5,1006.9
46.3,4.3,1021.5
39.2,21.0,1009.2
79.6,20.9,1001.0
81.3,23.8,992.6
83.7,16.4,1014.0
64.1,11.1,1010.6
44.1,13.7,997.1
94.1,10.9,1016.4
66.3,24.1,1009.3
48.1,16.6,1002.3
32.7,7.6,1012.9
49.9,24.9,1020.5
43.0,20.0,992.0
57.2,17.3,1008.3
71.8,11.7,1018.1
63.4,9.8,1017.8
58.6,24.4,1011.5
39.2,11.1,1017.1
74.6,14.9,1014.5
78.3,12.5,997.5
38.1,3.1,1014.6
34.1,13.7,990.4
60.8,22.1,1016.5
86.1,18.1,1015.3
75.9,17.7,1024.4
85.3,12.4,994.5
78.1,17.9,990.4
30.7,23.6,996.3
38.3,10.3,999.6
90.6,4.0,1014.9
71.2,14.6,1010.8
69.4,19.1,1003.8
51.4,9.6,1004.5
83.3,4.8,994.4
94.3,7.3,995.8
53.3,24.3,1021.6
45.1,17.8,990.8
65.9,21.1,1024.9
90.9,18.9,1004.2
52.4,14.6,1017.1
34.4,6.9,1016.1
35.4,21.4,990.2
84.1,16.5,990.5
36.1,21.7,1015.7
77.6,2.4,1024.9
61.5,8.9,997.4
61.4,14.5,1018.2
75.6,22.8,993.2
36.8,5.1,1012.2
79.8,2.4,1002.8
72.2,9.3,999.0
35.7,16.2,991.8
77.2,8.0,1022.4
83.7,22.3,1014.2
41.1,6.6,994.9
42.9,15.9,1019.8
41.4,14.5,991.4
85.9,18.3,1018.6
67.0,4.8,1001.3
57.6,16.0,997.5
72.4,12.8,1005.0
42.0,16.5,1012.7
69.6,21.6,1024.3
77.3,13.3,1018.5
35.7,10.2,991.6
85.0,21.1,1020.4
77.7,2.2,995.5
45.4,21.5,990.9
72.1,13.3,990.3
40.4,23.7,1013.7
73.5,3.9,1006.3
73.0,7.4,1023.7
48.5,13.9,1021.4
89.3,22.7,1000.8
85.0,8.6,1007.3
41.4,16.8,1021.8
60.7,9.6,1013.0
55.7,8.7,1005.4
78.8,21.3,1017.3
64.2,24.9,1017.1
76.0,24.6,1008.3
94.8,15.6,1008.9
47.3,2.7,1022.4
60.2,2.1,1001.0
51.6,4.2,1010.8
53.0,14.0,1013.1
53.6,17.9,1004.2
60.2,11.7,1013.4
69.8,5.2,1015.4
63.5,13.7,994.1
60.4,17.7,1017.7
90.0,17.1,1014.5
93.9,3.7,991.5
85.9,9.4,998.5
83.2,18.8,1022.5
59.9,3.1,1021.6
30.0,13.3,993.1
80.2,23.4,1009.3
69.6,23.0,1013.9
45.5,12.5,1017.5
93.0,6.6,998.6
68.3,23.0,1003.7
56.9,17.8,1016.0
61.0,16.8,1021.7
67.3,20.3,1005.3
61.6,14.0,1008.5
74.3,14.0,995.7
76.4,5.7,995.7
60.4,8.5,1022.2
44.5,20.1,1019.9
42.9,11.5,1005.6
64.3,12.3,1021.9
57.6,15.6,1011.4
38.4,3.4,1008.3
58.8,22.7,1001.1
92.0,7.3,1023.7
57.1,6.8,996.1
40.3,8.7,1011.1
92.4,18.6,1010.0
61.8,7.2,1004.3
44.6,9.8,991.7
52.1,11.4,1005.2
45.0,4.7,1003.6
38.2,11.0,999.8
39.0,3.3,1015.9
33.6,21.9,1002.8
41.9,22.5,1021.9
90.0,15.4,1018.7
69.9,20.1,1003.5
40.5,17.0,1018.5
70.0,8.8,1024.9
87.7,21.0,1015.3
62.4,19.3,1014.9
61.8,21.4,991.2
38.0,18.6,1005.2
42.7,16.1,1007.6
56.9,22.7,995.5
59.9,5.2,1005.4
88.2,12.1,994.6
89.8,15.9,993.3
61.8,3.4,998.6
41.4,17.2,998.5
61.7,22.5,990.3
65.0,17.0,1009.4
87.8,24.9,1012.5
71.9,16.0,1011.5
31.3,18.7,1024.9
44.5,6.0,1014.4
55.0,8.3,1022.8
82.9,19.7,1023.8
86.3,7.3,1005.1
81.7,23.6,1015.0
86.5,22.0,1024.1
46.1,17.3,1017.4
93.9,10.0,1017.5
47.8,17.2,1015.1
91.2,9.7,1014.5
59.6,23.6,1005.7
78.3,2.5,1012.1
87.6,2.9,990.9
65.2,9.7,1014.5
35.9,9.5,1004.3
61.8,22.8,1018.6
48.1,21.0,1024.9
80.3,22.1,995.4
45.6,16.8,1001.5
94.1,19.2,994.7
43.7,24.4,997.8
63.6,6.8,1000.9
78.2,19.3,1020.8
48.4,10.2,999.8
83.5,12.5,996.9
81.2,3.8,1022.5
77.8,14.8,1002.8
88.9,7.6,998.9
65.3,10.0,993.0
60.1,14.8,995.9
73.2,22.4,998.6
85.2,19.3,1024.4
87.4,2.2,990.4
89.7,13.5,1005.6
47.2,16.7,1023.4
56.9,12.4,990.3
63.6,13.6,1000.2
36.1,12.8,995.0
68.6,16.3,1019.6
55.0,3.0,996.7
70.7,21.5,996.8
48.9,17.0,998.2
51.2,19.6,1010.1
73.9,4.2,1014.3
63.5,16.1,992.8
72.5,17.7,1000.3
90.2,10.1,1021.5
81.0,24.4,1022.8
34.4,5.9,1007.4
86.9,5.0,1017.9
49.6,16.6,997.5
72.2,6.9,999.9
68.3,20.7,1011.8
33.9,20.6,999.7
88.7,7.8,992.0
30.2,21.5,1020.2
48.3,8.8,1022.4
48.7,20.1,1005.2
48.0,18.4,1013.2
39.5,20.1,1010.1
75.8,13.0,1007.9
68.1,22.8,1009.9
51.7,14.6,992.2
56.0,13.6,1010.8
91.7,10.3,1004.4
60.2,12.0,1014.7
78.9,21.1,1017.7
86.2,14.3,1012.7
41.7,4.1,1001.3
38.7,6.2,1019.4
62.8,7.1,1004.1
64.6,13.7,1006.8
82.0,16.3,1021.4
78.1,17.7,1000.6
40.5,21.5,990.7
47.7,10.1,1015.5
90.7,7.1,1021.6
68.1,16.7,1007.1
36.1,11.9,991.5
62.4,12.5,1015.2
62.8,6.1,1006.9
88.7,7.8,990.8
60.0,7.5,996.9
66.6,6.3,1016.1
92.8,4.8,1006.4
67.1,16.7,990.1
50.9,24.7,995.4
36.5,17.7,1012.9
39.5,20.8,1013.1
78.1,11.5,1018.7
88.5,10.2,998.2
58.5,2.3,990.1
44.7,7.4,990.5
41.9,3.9,1016.8
89.9,4.8,1024.6
77.3,11.2,1004.5
64.6,17.3,1017.9
89.1,21.6,1023.5
57.5,3.2,1008.5
79.3,5.1,1001.4
93.4,13.9,1004.2
30.2,18.0,1018.6
32.7,18.7,1003.3
87.0,9.1,992.8
68.6,12.1,1002.5
90.0,18.4,1008.7
77.6,24.4,1014.3
62.4,15.5,998.4
90.3,15.5,1004.9
45.1,7.4,1024.9
53.6,15.2,1023.9
54.2,13.7,998.1
55.2,24.2,1003.7
93.7,7.8,1004.1
78.9,13.4,1022.6
52.1,2.1,993.3
48.0,23.9,1011.9
71.1,6.7,1006.1
53.8,18.2,1023.8
60.0,24.5,1009.0
31.4,19.5,994.2
59.8,7.3,1003.2
79.0,13.9,998.1
75.2,8.6,1006.7
68.9,3.2,1006.6
65.4,19.9,1015.8
91.2,5.3,1024.1
61.8,20.0,997.8
46.7,11.1,992.6
54.7,23.9,1017.8
49.7,3.5,1021.1
88.6,9.1,991.5
94.6,21.8,1003.5
69.6,18.1,1002.2
84.3,17.3,1005.8
56.6,9.5,1005.5
49.9,15.3,995.1
62.9,9.9,1000.5
87.4,19.8,1013.4
60.0,9.1,1014.0
84.6,9.0,1018.4
60.5,21.0,1024.0
71.9,5.1,1004.8
81.5,9.8,1015.4
55.0,9.9,994.4
73.5,16.0,1013.0
37.7,14.1,1008.2
37.7,14.5,1009.4
55.7,7.8,998.5
33.0,15.2,1004.3
52.6,14.7,1017.4
60.9,16.0,996.5
58.2,7.2,991.4
48.8,9.1,1024.6
77.9,8.1,1011.5
42.7,11.9,1003.2
33.6,16.1,1005.8
31.1,6.2,1017.0
86.8,23.9,994.0
39.4,3.8,992.0
94.9,6.5,1007.9
63.1,14.5,992.2
72.3,5.1,1001.9
61.0,6.0,999.1
32.3,4.3,1016.3
47.2,13.9,1022.5
33.0,20.6,1009.3
60.2,6.8,1009.6
70.6,11.9,990.7
36.3,15.1,1010.7
59.4,18.4,991.5
40.8,15.3,993.4
80.6,22.6,1017.6
55.1,15.7,1020.0
59.0,3.1,1014.4
57.9,17.3,1008.6
93.8,4.5,1009.6
77.1,15.9,995.9
49.6,17.4,1013.9
40.9,19.6,1001.2
56.7,14.1,1016.7
55.0,17.1,993.0
57.9,24.7,1010.7
61.2,12.6,995.7
69.5,9.7,1009.5
70.2,14.7,1006.7
86.8,4.2,1008.6
58.4,16.9,994.1
39.9,18.2,992.1
80.4,7.4,1005.6
80.1,23.8,996.3
81.9,18.5,998.8
84.1,3.6,1015.0
32.9,15.3,998.1
60.3,16.8,1022.8
73.1,5.2,1005.4
46.2,24.9,1024.2
82.4,13.7,1009.7
77.5,6.4,1020.3
40.3,12.7,1010.7
38.2,12.1,995.1
40.4,16.4,1003.8
52.2,15.4,992.9
84.8,18.6,1018.5
46.7,7.1,1020.2
32.2,7.1,1023.9
73.4,4.2,1018.1
49.9,13.1,1023.5
82.8,6.9,991.4
60.2,12.0,1012.1
36.4,11.2,1013.3
72.0,6.4,1004.9
50.1,10.2,1024.3
55.9,9.6,1019.7
55.5,9.0,991.6
88.5,13.5,1016.1
63.7,12.5,1008.0
64.5,6.1,991.2
52.4,13.1,996.6
55.0,6.3,1006.3
47.9,18.5,993.5
41.2,24.8,1004.8
67.2,13.5,1014.4
63.2,13.1,1014.0
85.2,12.4,1019.8
48.4,17.4,1012.7
85.3,18.8,1015.3
66.3,10.8,1018.3
61.0,17.7,1019.8
62.4,13.8,1008.2
38.3,2.9,1016.7
54.8,6.6,995.5
48.2,6.2,1014.0
63.5,18.8,1006.1
73.3,12.3,1017.1
77.6,22.5,1024.4
84.1,14.5,999.1
54.2,15.8,999.6
65.3,11.9,991.8
86.6,17.1,1016.8
86.5,21.7,991.0
63.7,20.8,993.7
67.5,15.1,1024.4
35.8,24.6,993.7
38.4,7.3,990.3
39.4,15.1,1009.6
35.3,24.9,998.9
38.3,16.2,1020.8
37.3,9.1,1007.6
47.3,18.7,1020.5
64.7,2.9,1022.4
43.1,17.4,1024.1
59.5,7.2,999.1
84.4,3.5,1009.7
73.1,18.7,1003.8
89.5,18.7,1022.3
69.3,7.1,998.6
73.6,22.4,1008.5
72.8,12.2,1021.9
71.0,6.9,1005.8
64.2,3.3,1004.0
60.7,23.6,1000.9
78.2,10.9,1021.7
92.0,24.7,1002.9
76.0,21.8,1007.0
53.1,13.5,1021.6
69.1,3.8,1010.4
52.6,2.1,1000.7
90.8,23.2,1004.3
66.5,12.7,1023.3
69.0,7.1,1023.2
84.9,18.7,999.3
56.1,18.8,998.0
33.1,24.8,1018.3
81.0,17.5,1015.4
44.8,2.6,1002.1
67.7,12.9,1001.8
46.4,16.9,1016.5
50.0,13.0,1017.1
37.9,16.6,1011.8
40.9,10.7,1008.9
51.0,17.5,1018.1
47.1,15.1,996.0
53.4,10.1,1015.9
60.7,18.1,1017.0
80.6,20.8,997.3
88.5,16.2,1020.5
75.9,4.9,999.1
58.6,3.1,992.8
44.5,20.0,1015.0
54.7,17.6,997.4
73.8,4.3,1009.4
55.0,24.7,1000.3
56.9,20.4,1020.4
55.8,17.0,1006.9
58.4,17.0,1004.7
33.8,7.1,1022.0
83.1,11.6,1022.5
88.2,2.9,991.9
61.0,7.0,999.0
54.3,20.8,1014.8
56.3,21.2,1021.4
57.4,4.2,1009.7
85.7,4.1,1020.1
36.0,13.9,1006.1
87.2,16.9,999.6
92.5,19.1,991.7
69.5,24.0,1010.6
43.4,7.0,1021.3
54.9,17.6,1012.3
72.6,8.0,1022.2
88.4,12.3,1001.3
50.7,8.5,1005.6
43.7,8.1,992.3
37.7,4.6,1001.0
77.0,5.4,1019.3
69.5,23.2,1010.5
61.1,4.5,994.4
60.9,20.2,1006.3
58.9,20.7,1021.6
58.7,23.6,995.7
36.1,24.9,1008.1
83.0,6.0,1006.7
74.6,7.3,991.7
40.2,17.1,999.6
92.7,18.0,1008.8
82.2,16.1,995.2
40.4,6.7,1004.6
43.7,8.3,995.9
51.5,17.0,995.3
35.2,4.2,1018.0
90.8,22.3,1013.6
53.4,4.1,1021.9
44.1,21.1,1004.4
31.4,5.9,1003.7
53.8,18.9,1000.8
64.2,24.9,995.2
51.9,18.3,995.2
75.3,7.1,1016.4
90.4,19.4,1005.7
91.3,15.8,990.8
65.2,14.3,1003.8
88.6,6.1,1018.1
93.5,19.7,1002.2
73.0,8.8,1001.0
64.5,10.9,1020.4
85.1,20.9,1017.3
42.4,15.6,1008.8
45.2,10.6,1004.8
38.6,7.7,1011.7
93.9,18.9,1021.6
41.4,9.9,1008.0
57.0,3.5,1015.9
48.4,13.9,1022.8
42.5,8.8,998.6
57.2,23.9,1014.5
61.9,2.3,1013.1
39.4,13.8,1021.9
31.8,8.0,1005.9
64.3,6.5,993.2
46.3,14.3,1009.2
67.2,3.6,1002.2
72.2,23.9,998.1
36.5,19.0,991.1
31.8,3.3,1018.2
64.2,13.7,1023.0
62.4,2.1,999.8
56.8,4.9,1005.7
66.2,7.4,992.0
83.1,16.9,1011.0
79.3,7.8,993.6
44.3,19.5,992.1
74.9,23.3,1000.2
42.3,18.3,996.7
78.1,15.2,998.5
88.2,16.2,1011.3
78.8,16.0,1018.8
51.0,10.2,1001.8
73.1,22.6,1013.7
85.1,2.3,1021.0
32.5,20.8,1014.3
93.0,24.5,997.8
52.2,8.3,1008.9
52.2,18.6,1023.4
60.8,9.6,1010.3
74.3,15.2,992.9
31.5,8.3,1024.6
94.0,15.5,1000.8
50.7,9.8,1011.1
49.2,21.6,998.2
88.7,6.5,1021.8
55.4,4.8,991.2
79.3,21.5,998.1
59.1,19.4,1019.4
65.1,11.9,996.2
57.5,9.8,1008.0
62.4,16.6,1015.3
95.0,4.2,1017.8
46.3,10.7,1024.1
47.4,20.7,1008.3
51.5,16.7,996.8
90.7,4.0,1001.9
93.4,5.7,1025.0
54.0,16.8,1022.3
36.7,24.0,1004.2
35.0,10.8,994.5
56.7,14.2,997.5
48.4,16.8,1024.0
69.2,23.0,1021.7
79.0,10.8,1022.6
89.3,23.3,1016.9
31.5,22.0,1015.7
70.6,20.0,1004.5
80.0,23.0,1001.4
47.5,18.0,1018.7
77.9,13.3,1004.7
92.7,15.5,995.0
64.5,18.4,991.9
84.2,22.1,1014.7
71.0,17.2,990.2
92.4,21.2,1018.9
43.1,18.2,1016.0
69.0,22.5,1012.6
92.2,17.6,991.6
48.2,24.8,1003.5
84.8,3.8,990.9
72.8,9.1,1001.2
63.7,5.2,1007.2
40.9,12.4,1014.9
65.3,24.3,1011.6
60.4,12.4,1024.4
52.7,16.5,1017.3
86.6,5.9,1002.8
91.0,14.5,1020.5
76.7,9.2,1013.2
35.9,12.6,993.8
94.6,6.0,1006.8
81.9,17.1,992.8
89.5,4.9,994.2
54.9,5.7,1005.2
89.8,21.3,1021.7
57.1,20.0,1012.5
45.6,18.0,992.7
68.2,16.8,1011.1
70.2,7.5,1010.9
57.7,3.9,1017.2
46.0,9.8,1003.8
67.0,14.7,993.9
47.7,10.9,996.4
66.8,18.9,1018.5
38.7,16.3,992.7
66.5,13.5,1014.4
38.5,23.5,1020.8
68.5,18.3,1023.8
33.2,16.9,991.0
85.8,13.0,1020.3
89.2,22.8,1016.2
61.6,18.2,1023.6
49.1,20.7,993.3
55.3,12.2,997.6
64.9,2.8,1003.8
55.8,6.3,1004.6
54.0,16.1,1007.2
61.9,16.4,991.0
48.2,19.8,994.3
86.2,12.2,1000.9
44.9,13.7,1012.8
94.7,21.8,1021.8
51.7,15.0,1011.1
84.2,18.0,1013.5
59.6,24.0,1012.8
38.7,14.5,1020.9
49.9,19.8,1008.3
43.2,23.8,1000.0
33.8,8.4,1022.0
91.6,19.8,994.5
75.8,23.2,993.9
60.2,17.1,1001.6
70.6,9.5,992.6
31.7,23.6,1003.9
35.3,25.0,994.8
35.2,6.2,991.4
78.6,15.6,1017.3
94.3,9.3,1004.2
82.7,3.9,1010.9
94.1,18.2,1014.5
92.0,22.8,1021.8
38.6,23.2,1013.2
87.5,13.5,1018.6
89.5,18.7,991.5
61.7,9.7,996.6
76.0,17.5,990.4
32.9,14.1,1023.0
39.3,3.7,1003.6
63.1,17.8,1011.7
84.4,2.4,1023.0
66.8,14.9,998.9
69.6,20.0,1008.2
50.9,17.2,1012.2
38.9,21.5,1017.1
93.7,22.8,1000.3
83.7,13.6,1007.9
49.7,4.6,1013.1
43.4,11.5,996.8
51.7,15.4,1018.0
45.3,11.5,1002.2
87.9,13.7,993.8
52.0,8.1,1021.3
44.0,15.6,1011.9
92.0,23.5,1002.3
61.2,10.0,1009.6
80.1,18.8,1008.4
70.1,13.9,1011.8
44.5,24.5,1001.1
42.7,20.8,1015.9
49.8,3.7,1019.5
45.4,14.7,1014.3
59.4,6.3,1002.6
34.8,11.6,1014.9
92.3,3.1,998.4
79.2,10.9,991.8
58.6,10.5,996.8
54.4,3.2,999.5
76.5,5.9,1004.5
63.1,18.2,1000.2
68.2,23.5,1012.3
83.2,6.3,1014.5
39.4,21.6,991.0
56.2,8.4,991.4
83.4,9.5,1009.1
87.2,5.3,1019.1
82.9,9.6,991.1
52.5,10.3,1001.2
58.3,5.7,1018.7
82.7,3.3,1009.6
42.9,21.6,1012.5
41.7,9.4,995.9
86.0,8.6,991.9
40.2,19.8,1000.4
59.9,2.6,1001.9
53.0,2.5,995.3
73.9,20.3,1014.3
82.2,9.5,1004.7
53.9,25.0,1008.0
90.9,3.6,1000.0
33.9,10.3,1000.5
39.5,4.4,1000.8
67.4,15.1,1013.4
85.3,11.6,1003.2
63.9,23.0,992.6
75.9,18.8,999.5
63.6,15.3,999.5
31.0,15.5,1004.3
78.9,22.8,1003.7
81.5,15.0,1018.9
43.6,20.6,999.9
72.5,11.3,1023.2
75.3,12.5,1016.2
53.3,7.6,1001.4
61.5,16.6,1011.2
56.6,8.6,996.6
46.1,15.9,1018.9
65.5,4.3,1008.2
92.0,3.6,1001.4
48.5,4.5,1021.3
85.9,8.3,997.8
55.2,12.0,1004.2
74.3,8.2,1022.7
76.4,2.2,1018.3
61.0,16.1,998.3
57.7,23.1,1010.6
48.5,4.4,1015.4
48.1,16.2,1023.4
91.7,21.4,998.2
88.7,20.0,1011.4
94.5,14.4,1010.1
30.7,8.1,990.4
37.7,6.9,1008.2
55.9,15.5,1012.1
60.0,24.4,994.1
54.4,6.4,1012.0
59.4,13.8,1001.7
87.8,12.9,1000.2
74.3,16.3,1008.0
53.0,17.3,993.6
77.7,7.8,1003.4
51.6,11.4,990.9
68.2,17.6,1008.1
54.7,23.8,993.6
62.6,13.6,1014.3
57.5,8.1,1021.7
64.6,7.7,996.7
92.0,13.7,1006.7
44.5,24.5,1022.6
58.9,17.9,997.2
87.2,14.8,1024.8
49.1,23.1,991.5
93.3,8.8,995.3
52.6,9.5,1010.5
57.7,4.4,1006.1
73.6,21.2,1022.3
68.1,4.0,991.1
35.6,11.8,1024.0
75.4,12.7,1012.7
39.9,6.2,1006.4
73.0,7.2,1010.6
37.4,6.7,995.9
91.8,7.5,1007.5
76.2,6.6,993.0
93.6,14.9,1014.3
91.5,21.7,1010.5
41.5,14.8,1007.4
42.6,21.2,1004.5
70.5,8.3,1018.7
87.8,16.9,1006.3
51.4,3.8,1014.5
36.1,7.6,1016.7
47.9,5.7,1019.3
82.4,16.6,1014.6
54.9,19.2,1003.4
84.5,21.3,1008.6
69.6,7.1,1018.9
85.2,11.3,1023.9
79.6,13.9,991.3
57.0,13.5,1017.7
38.2,15.9,1024.8
84.2,6.1,1019.2
77.4,18.2,1024.0
48.9,18.5,1002.7
39.3,17.4,1019.0
70.3,16.4,1003.8
94.8,7.6,1007.3
88.8,8.4,1001.6
48.2,16.1,998.0
70.3,14.8,1021.1
72.2,5.3,1024.3
80.8,15.0,1021.2
31.5,8.4,1012.4
45.2,15.0,1022.3
40.8,8.7,1018.3
43.0,23.1,1003.7
52.3,17.0,1005.4
47.4,11.1,1023.1
68.9,13.7,1014.3
87.0,23.0,999.6
71.6,8.3,1012.6
56.1,24.2,1019.2
53.3,8.3,999.6
65.5,13.5,1002.4
69.9,13.1,1004.8
76.1,14.9,1000.7
60.2,22.5,1000.7
75.5,16.2,1024.3
71.1,3.6,1010.8
43.6,25.0,1004.4
36.7,7.8,1018.5
52.1,13.3,1013.1
34.8,15.3,1008.7
45.9,22.1,1014.1
60.5,14.6,997.0
57.7,9.9,998.0
74.4,15.0,991.1
58.5,10.0,1022.8
62.3,4.7,1005.6
85.3,22.7,995.6
57.7,23.8,1007.8
86.2,16.0,1016.6
42.5,19.1,999.1
45.2,8.3,997.6
92.0,21.0,997.3
84.5,5.5,1022.4
57.2,8.7,1022.5
75.6,4.1,1017.5
66.1,5.0,992.7
64.7,12.8,1013.4
60.2,22.1,997.4
42.0,8.7,1014.1
87.9,9.0,1013.7
43.6,14.4,1016.2
68.2,13.9,1003.9
78.4,16.2,1001.1
32.3,2.6,1015.1
45.5,20.4,1000.4
30.8,7.9,1013.6
86.1,20.8,1002.5
82.9,11.5,990.3
53.5,7.5,1012.2
66.7,10.5,1008.6
37.4,7.7,1010.1
55.2,6.4,1002.9
34.9,4.0,1013.1
43.5,7.3,992.1
33.9,3.0,1005.0
70.9,7.3,1012.6
90.8,9.7,1015.0
50.5,11.8,992.6
92.4,8.6,1024.9
34.6,8.6,1018.5
45.3,3.2,1004.9
44.0,17.1,994.0
57.5,23.3,1022.8
48.1,5.8,1021.0
60.4,5.5,1012.2
30.1,21.3,1015.4
65.6,20.0,1020.1
67.7,8.6,1001.9
61.3,12.9,1019.7
87.2,13.8,1000.0
85.6,24.5,1009.4
49.8,19.5,1000.9
88.2,6.9,1009.1
38.1,19.7,1015.0
81.1,10.5,1002.8
67.0,24.0,1010.6
68.6,8.9,1000.7
52.2,5.0,995.1
53.1,11.5,1011.4
71.0,8.2,1009.2
34.8,11.7,1018.0
80.2,8.5,995.4
56.7,3.4,999.0
57.8,22.3,1016.4
83.5,14.0,1023.9
47.0,6.6,1007.7
66.6,19.3,1021.8
73.8,21.4,1000.4
56.1,13.7,1013.1
84.5,3.7,994.8
66.7,20.1,990.6
52.4,4.3,1006.4
74.6,10.9,996.1
89.9,24.8,998.0
73.9,14.9,1014.9
54.3,9.6,1016.6
38.1,16.3,1019.4
79.0,22.7,997.5
30.7,21.3,993.7
85.9,6.2,1003.4
48.2,14.1,999.7
47.1,7.0,1000.6
63.0,13.4,992.0
37.7,9.5,992.5
44.7,2.4,1011.6
58.8,20.1,1017.1
56.4,5.9,1006.6
60.3,7.6,999.8
80.5,6.0,1002.3
73.4,19.7,994.5
81.4,8.3,1022.2
90.2,23.0,1021.0
85.1,5.3,992.9
52.8,2.5,1021.9
30.6,8.7,1019.8
46.6,4.8,1013.8
85.7,16.5,993.2
40.3,19.2,990.7
92.7,21.0,1004.2
91.7,2.6,993.6
57.9,6.9,1017.1
93.1,24.3,995.1
63.3,5.8,1016.8
67.4,20.8,991.9
75.1,5.2,999.6
54.0,14.9,999.1
79.4,19.2,1010.9
47.3,18.6,991.7
37.6,2.6,1003.9
74.1,6.5,1003.8
78.7,19.6,1000.8
91.1,22.9,1021.6
51.1,19.3,992.6
84.5,13.5,998.2
91.9,21.8,1019.8
62.2,6.9,1011.6
41.4,3.4,1002.4
71.1,14.0,1015.1
88.8,17.1,1019.7
56.3,4.3,993.5
79.7,21.5,1014.8
83.6,17.4,999.6
86.4,22.6,1000.1
74.0,15.2,1005.4
72.6,7.4,1002.0
36.9,10.0,1019.3
50.3,9.1,1019.6
40.9,11.3,1018.7
44.3,10.2,1025.0
34.5,7.9,1000.7
72.9,16.8,1024.4
46.4,3.8,1014.8
66.3,10.2,1008.3
80.6,11.3,993.7
31.1,6.5,1016.8
86.4,6.9,1017.6
87.9,7.0,1018.8
66.0,21.2,1010.6
30.5,6.9,998.1
79.7,16.8,1018.2
37.0,24.1,1017.8
42.9,7.0,1017.3
30.7,17.4,1004.2
48.8,10.0,1008.2
39.7,7.2,993.5
51.0,24.3,1007.6
85.3,18.4,1013.7
58.6,19.2,1005.5
31.3,3.8,1000.8
43.8,14.5,1023.1
76.0,9.1,1003.2
47.5,6.6,1005.7
87.0,7.8,1021.9
65.1,19.0,1017.4
58.8,24.1,991.1
77.2,4.2,990.4
79.8,19.4,1013.4
47.3,15.4,1018.9
81.4,21.2,1013.3
44.6,16.4,1001.2
87.4,15.9,1001.5
37.6,22.3,995.3
73.7,7.2,1005.1
55.9,11.5,997.1
91.3,5.2,996.2
31.8,24.7,1008.1
92.4,23.5,1012.5
40.3,23.6,996.8
79.9,5.8,1009.6
70.8,7.7,1003.8
57.6,17.2,993.3
77.4,18.8,1000.8
64.0,3.9,993.8
60.3,19.7,1024.4
80.4,11.0,998.4
53.9,5.3,1014.8
41.9,6.0,1024.4
62.6,5.7,1015.4
41.6,16.5,990.4
39.5,18.6,1015.4
42.1,8.9,1023.2
92.3,20.6,1019.9
79.1,15.2,994.1
87.8,14.0,997.3
34.3,17.6,1001.1
74.0,13.7,998.8
65.5,21.8,1020.3
56.8,20.2,990.8
68.0,6.8,1015.6
69.7,18.2,1003.4
64.2,24.9,1006.1
93.0,2.0,1021.5
72.7,4.0,992.8
66.2,6.5,1012.7
74.7,7.4,1002.4
59.2,10.3,1017.5
45.1,5.9,1001.7
82.7,20.1,1005.3
79.6,16.3,998.7
31.6,5.0,1005.3
71.0,3.4,1019.4
56.2,14.6,1002.5
93.0,6.0,992.2
91.5,9.0,1013.8
58.1,4.3,1019.2
40.3,14.5,1024.1
38.8,24.2,1002.6
70.2,24.5,1003.2
61.0,24.6,1005.9
68.5,9.1,1018.2
94.1,17.8,991.3
43.9,11.1,1021.7
87.1,23.3,1024.4
61.4,3.2,990.6
87.5,2.8,1003.1
74.5,13.2,1007.3
31.3,21.2,1024.2
69.2,20.4,1019.8
94.2,8.0,1004.6
73.7,11.4,1001.2
88.8,10.1,1001.2
39.2,8.9,1001.7
30.4,18.5,996.0
73.8,21.8,996.0
75.0,13.7,1005.7
64.1,9.4,1019.5
44.9,6.8,1019.7
92.9,3.8,993.5
70.0,9.3,1005.3
60.5,16.7,1016.1
57.3,10.5,992.4
65.4,7.1,1006.5
35.4,5.1,1001.6
77.1,8.8,1000.5
49.5,24.6,1013.3
42.0,22.3,991.5
81.0,24.7,1011.1
73.5,11.7,993.4
92.1,4.3,1011.5
55.6,12.3,1018.6
64.2,20.5,1000.3
33.3,2.2,1000.4
76.2,13.5,1021.2
78.3,6.1,1008.7
88.6,23.7,1021.8
62.4,17.8,998.6
77.0,14.0,998.8
63.2,13.1,995.1
53.5,7.9,1004.3
56.1,20.7,994.0
77.8,22.5,1010.3
42.8,14.9,1017.6
70.0,9.5,1020.7
36.2,17.0,991.8
35.6,7.7,1012.8
92.2,23.9,1006.1
57.1,15.5,1020.3
76.6,4.0,998.4
50.2,10.7,1003.0
31.3,12.8,997.2
65.6,5.8,999.9
34.9,20.6,995.0
51.2,11.7,1014.5
63.9,2.4,992.1
41.6,13.8,1023.4
62.3,10.8,1023.4
80.7,7.2,1013.9
49.4,9.7,1020.9
43.2,2.8,1006.1
31.2,11.7,1000.7
38.8,11.9,996.0
54.2,24.4,1006.0
61.4,11.6,994.8
55.4,18.2,1004.2
47.7,16.0,990.9
70.8,4.2,996.5
72.8,16.4,991.7
49.1,22.1,1006.3
56.5,12.7,1021.4
36.6,16.4,1024.0
52.9,20.0,1001.1
72.4,13.1,1020.8
88.1,8.4,1014.0
44.1,11.5,1022.2
59.2,13.1,1006.9
83.6,19.5,993.8
36.2,3.5,1001.4
58.3,16.8,994.8
67.1,23.7,1006.1
56.2,5.3,1003.8
40.6,19.8,1023.3
44.0,21.5,1020.1
48.2,15.1,1002.4
58.6,13.4,1020.2
79.0,18.9,1020.8
36.6,12.9,993.3
94.6,24.8,1018.7
70.9,21.3,1016.7
44.6,15.0,1014.7
33.2,21.6,1005.8
31.7,3.2,998.8
70.7,8.1,1013.0
73.9,18.3,1021.8
72.1,2.9,1010.6
73.3,20.8,991.2
64.8,11.2,1021.4
75.4,15.9,1015.9
89.9,6.2,994.3
64.2,5.5,1024.6
72.4,7.3,1007.0
57.0,7.0,993.6
44.3,14.9,990.9
48.1,24.8,990.7
85.6,11.5,997.6
57.1,7.8,1016.6
36.1,22.0,1008.1
71.8,12.7,1022.3
59.5,20.9,991.0
87.8,22.8,997.8
63.1,4.1,1014.3
30.9,14.1,998.1
73.7,4.5,997.3
33.4,23.0,1014.4
69.8,19.0,994.9
35.7,21.1,1011.4
92.9,17.1,1009.2
91.8,2.2,1015.0
82.3,14.8,1005.8
89.6,17.9,1024.4
85.8,5.1,1005.9
85.5,15.9,992.7
65.5,21.6,1018.7
48.3,3.9,995.0
78.8,19.1,995.2
35.2,13.4,1010.4
94.2,7.5,1008.1
74.9,24.5,1001.7
83.4,20.9,997.5
44.2,15.8,1014.2
57.1,15.3,1017.7
52.7,20.6,1012.8
70.5,15.8,1024.0
55.9,8.1,997.7
67.9,20.0,1019.6
36.9,17.6,995.4
77.4,9.4,1004.4
34.3,14.3,1007.7
64.4,8.4,991.9
75.4,4.0,1016.6
73.1,17.0,1017.8
80.7,15.5,1006.8
59.9,14.3,991.5
43.5,18.0,1009.1
53.1,16.1,1004.8
91.8,8.4,998.9
79.9,6.7,1007.3
40.4,19.6,1022.7
92.5,24.3,1014.4
38.6,18.2,1003.1
41.2,17.4,995.5
48.6,19.7,995.9
67.4,13.9,1014.1
71.0,9.4,995.2
61.0,18.5,1004.9
44.9,16.8,1020.2
68.0,5.4,1005.2
43.2,3.4,1001.3
94.8,3.5,1010.1
78.9,23.9,1018.1
46.5,3.8,1012.0
34.4,15.7,1011.2
67.5,10.7,1002.1
89.4,7.6,1023.0
88.3,23.3,1011.9
35.9,24.5,1021.5
36.9,23.3,1009.4
54.2,13.8,1000.5
37.8,15.4,1006.2
49.4,9.7,1017.9
69.7,5.1,995.5
61.6,16.1,1006.2
62.8,10.0,1014.6
77.1,14.2,1014.7
51.8,25.0,1005.2
62.9,10.1,1021.1
65.6,22.3,994.9
74.1,17.0,994.2
90.4,9.3,1024.2
61.2,17.0,1003.4
60.0,3.5,1014.9
59.4,22.4,996.6
76.6,13.8,1019.1
80.8,20.0,1014.5
90.7,19.3,1011.7
79.8,15.3,1022.7
51.4,7.6,1022.3
87.4,15.4,1008.4
58.1,11.7,994.4
90.6,9.3,1012.6
59.4,16.1,999.1
71.3,19.5,1006.2
74.9,8.9,1002.4
75.5,18.7,1000.6
50.5,6.8,995.0
73.1,16.4,1011.4
61.0,11.7,994.6
35.7,16.3,1004.1
33.8,9.0,1009.3
70.0,2.8,1019.4
59.4,4.7,1010.9
37.0,20.7,1008.8
30.5,11.3,1012.9
74.6,7.9,1022.6
43.6,9.4,1009.7
64.7,4.9,1022.8
63.7,18.7,990.6
40.2,15.3,1009.8
51.5,5.9,990.1
65.1,20.7,1021.3
74.5,10.3,991.5
44.3,10.0,1016.2
55.1,10.0,994.6
48.9,24.2,1012.9
46.7,24.7,1002.0
43.0,12.5,1020.3
74.7,23.1,1016.2
74.3,18.0,996.0
89.8,6.7,995.3
48.6,23.2,1007.9
77.1,9.2,993.3
32.6,22.2,1001.9
81.3,13.0,1022.2
35.7,4.5,1013.9
73.8,3.5,1011.1
66.1,3.8,1015.3
78.9,22.4,1001.1
35.7,21.5,1018.1
77.0,22.7,999.8
52.6,3.8,1024.0
44.4,13.6,1024.8
90.6,16.4,1006.9
92.4,10.6,1024.7
37.3,5.6,1008.8
46.1,4.5,1020.0
87.2,8.1,994.7
93.8,6.4,1002.4
31.0,21.3,1001.0
39.0,23.4,993.5
75.5,13.8,1014.3
58.1,22.5,1001.8
56.5,15.0,1017.9
81.4,2.6,997.6
34.6,15.8,1009.2
78.1,13.7,1002.1
71.5,20.6,991.8
86.5,17.7,1012.0
78.0,8.8,1023.4
54.4,15.8,995.0
82.5,16.3,1019.8
59.5,14.3,997.6
30.2,2.9,991.5
83.6,13.7,1021.7
42.5,18.1,1012.4
57.9,9.1,1013.2
78.8,11.9,1001.3
88.3,22.7,1008.0
39.7,4.4,996.9
86.2,16.7,1001.7
62.4,5.7,1021.3
42.0,20.0,997.9
67.4,2.0,1001.4
67.8,10.0,990.7
40.7,18.9,1002.3
48.4,24.8,1002.9
57.5,10.0,998.6
44.1,16.2,1013.5
61.9,24.5,993.1
34.6,13.2,1006.1
42.9,14.4,1004.8
65.1,3.6,1009.8
73.8,16.5,1004.3
62.5,2.9,993.3
76.1,5.7,993.7
58.2,18.2,1003.0
49.5,2.5,1017.7
67.5,22.4,991.5
43.7,5.7,1001.7
80.9,20.9,1016.0
91.4,9.0,1013.7
32.6,22.1,1000.9
72.6,23.2,1015.7
94.1,10.9,1022.1
63.9,8.0,1000.1
76.3,5.8,1003.7
83.2,5.5,991.5
38.1,4.7,997.5
49.7,13.6,1023.3
76.1,19.3,1001.2
79.4,20.7,998.2
89.1,21.8,1019.5
49.8,6.2,1020.8
48.4,4.1,1009.8
84.2,14.7,1005.6
68.6,9.5,995.2
67.8,13.6,1017.6
52.0,11.3,995.5
66.9,19.4,1001.6
93.3,23.6,1017.8
81.3,23.6,1010.8
83.0,23.8,1000.4
49.5,24.4,994.6
36.3,12.3,997.6
57.3,23.2,1018.8
83.1,15.7,1009.6
68.4,7.8,1007.1
40.6,17.9,998.0
79.0,12.8,1024.9
36.0,11.8,1021.9
84.9,18.0,1015.7
88.5,7.5,992.6
56.6,21.0,1005.3
56.3,10.7,1000.2
55.1,16.8,996.1
46.2,11.1,1003.1
61.8,13.7,998.2
94.1,13.2,997.2
79.1,17.0,994.2
81.9,13.7,1012.7
32.4,6.3,1013.6
31.8,6.0,993.5
76.2,21.4,1017.5
56.7,5.9,1020.3
56.8,6.7,1014.6
74.9,19.1,1021.1
34.5,8.0,994.1
46.8,5.4,990.4
87.7,7.8,992.6
36.8,24.3,1018.5
35.2,11.3,1017.0
40.0,11.7,1001.3
50.0,7.4,1016.3
87.8,5.2,1012.9
66.2,22.4,1004.3
66.3,17.7,1011.0
62.7,17.9,1017.7
45.2,17.1,991.5
87.1,9.9,1010.1
36.9,11.8,1017.6
68.7,21.7,1021.2
74.8,15.1,1006.0
77.6,16.6,1012.2
41.3,4.3,1011.6
94.0,17.9,1015.9
93.7,9.6,1003.0
79.8,8.5,1013.8
81.6,15.6,998.4
69.3,10.4,999.6
74.7,22.3,1023.5
36.9,13.5,1013.8
74.7,12.8,1005.1
75.9,10.5,1009.3
94.5,7.9,1011.8
64.7,20.2,999.4
41.4,8.2,1019.4
53.9,10.2,1015.5
64.7,13.2,1002.7
62.8,4.3,998.2
50.2,4.9,1012.2
77.7,8.6,992.6
84.7,12.8,1014.3
70.5,4.6,1007.1
62.7,2.2,994.7
51.6,13.0,1001.8
34.4,19.8,1020.6
36.7,2.7,1012.1
56.5,8.5,1015.2
52.2,4.8,998.2
74.8,8.1,1007.5
54.4,10.1,1007.6
49.2,21.1,1007.1
65.0,22.7,1012.2
87.3,12.3,1022.7
76.7,16.1,1018.9
58.2,17.3,1009.5
53.4,9.0,998.1
87.7,3.3,993.7
83.1,23.8,1011.0
89.2,13.5,1005.1
72.9,20.6,995.7
70.9,21.3,1009.3
74.4,7.4,1007.3
55.5,24.3,1020.3
86.1,11.4,1005.2
60.7,4.7,1000.3
73.6,18.5,1016.1
57.1,22.0,1006.0
76.5,5.9,1010.3
50.5,12.7,1008.5
69.8,21.3,1023.0
90.3,7.0,995.0
37.5,3.1,1000.4
66.5,6.5,1007.1
58.6,13.3,992.1
60.3,6.8,992.9
80.4,17.4,998.6
61.6,3.5,1000.7
75.8,24.1,996.7
78.6,14.0,999.2
55.0,24.9,1015.8
60.1,16.1,998.1
72.1,18.5,1010.3
68.4,24.1,1000.9
33.7,22.7,1016.1
76.5,19.2,1008.1
85.7,7.3,1005.5
45.2,22.4,1012.3
53.5,5.3,1018.1
43.8,16.2,1011.0
45.0,17.0,1007.0
35.4,11.6,1007.6
93.2,23.4,1014.0
50.7,19.4,995.7
82.4,5.6,1019.2
34.3,16.6,997.4
68.1,25.0,1016.4
44.7,14.9,1022.2
85.2,6.6,992.5
76.3,22.8,1021.6
62.8,24.8,1013.3
51.8,18.9,990.6
69.5,6.5,1021.4
37.3,13.9,1009.1
31.7,7.9,1006.5
75.1,12.5,1023.1
58.6,5.4,991.6
70.4,13.8,1006.8
45.1,2.1,1007.5
91.1,6.3,1018.0
38.9,13.2,1022.9
59.4,4.3,1009.6
72.0,10.8,998.4
88.4,4.1,1010.8
72.4,14.1,999.1
68.2,16.3,1010.5
93.4,14.1,997.2
37.1,8.1,1022.5
68.6,4.5,997.3
34.8,11.7,1005.6
94.8,20.9,992.2
68.2,14.6,1022.2
85.2,19.3,1010.7
81.9,17.4,1001.2
43.2,24.2,1005.6
65.5,13.4,990.2
82.5,10.3,1023.0
34.3,24.0,1000.3
46.9,19.7,1006.1
40.3,10.3,1014.7
73.7,6.0,999.3
47.7,9.1,998.6
63.1,2.4,1003.8
69.0,5.5,990.2
73.1,10.8,1011.6
61.6,10.7,1008.4
46.5,9.0,1003.4
79.8,10.0,996.6
52.2,12.7,992.2
71.1,16.3,1020.8
65.1,8.6,999.2
82.4,19.2,999.6
50.8,6.0,1003.4
67.7,20.7,1006.3
90.9,8.5,1007.6
70.8,19.9,1015.0
52.7,19.9,1000.4
46.5,18.6,992.1
92.1,22.2,1010.8
50.5,20.9,1021.8
37.6,4.4,1009.8
65.5,8.1,1021.0
46.9,8.2,1001.7
82.6,23.0,993.7
69.3,18.8,1024.7
90.6,24.8,1003.2
43.9,19.1,994.9
88.9,16.4,1024.8
62.8,13.0,1016.3
93.8,5.4,1011.4
62.1,2.2,1011.4
70.7,4.7,995.3
58.9,2.6,1012.1
71.9,18.9,999.7
75.0,18.7,992.1
93.8,4.7,1009.6
39.9,21.6,1023.0
53.8,3.0,991.4
78.7,16.7,1023.8
94.5,2.8,1015.4
30.3,20.6,1019.9
53.9,24.2,1011.8
49.7,24.2,1010.4
30.1,13.8,1001.4
46.8,9.1,991.5
77.0,18.7,1004.9
81.0,10.3,1000.3
67.7,7.6,1001.6
47.5,6.9,990.4
39.4,8.9,1006.1
94.7,20.5,999.3
71.9,17.8,1012.4
94.2,4.1,993.1
49.9,23.5,1019.9
68.8,12.2,995.9
57.5,7.2,1008.1
87.7,20.9,991.4
93.9,7.7,1011.4
64.1,24.5,1018.7
66.7,6.8,1020.9
66.4,8.5,998.6
40.4,22.7,996.8
70.6,18.4,1020.5
38.2,10.8,994.8
87.6,14.7,1000.9
67.7,7.1,1015.1
56.6,6.2,1015.1
45.5,8.6,993.6
30.9,15.2,993.9
37.9,9.6,1013.0
42.0,11.2,997.8
74.0,9.9,998.1
38.4,4.5,1024.7
46.1,13.8,1003.2
31.5,18.5,1001.0
70.4,12.4,1017.6
76.1,11.7,1010.7
94.3,15.7,1002.9
83.7,14.7,998.8
93.7,13.3,998.4
31.2,6.0,1003.8
47.6,5.0,1022.0
53.1,17.7,1020.8
57.0,15.5,991.3
57.4,15.2,1007.1
35.3,6.9,1008.9
41.9,7.6,997.4
84.9,9.9,1010.5
65.1,16.4,1016.6
88.2,11.5,1001.8
67.5,9.7,1013.8
51.4,23.6,1003.7
92.7,5.1,992.5
34.0,13.5,1017.4
79.4,21.7,1016.4
64.3,23.0,1005.6
54.8,2.4,1021.2
78.4,9.3,1002.5
91.8,23.9,996.6
58.2,17.0,994.8
42.7,19.9,992.6
76.6,24.7,1021.1
68.0,9.7,995.6
86.8,22.4,1004.8
78.7,6.4,992.2
78.7,9.3,1007.3
80.2,4.2,1023.4
45.1,2.1,1018.0
73.9,15.4,1015.4
78.4,3.0,1019.3
81.3,12.7,996.2
57.0,22.0,1023.9
70.7,11.7,1011.6
62.1,3.6,1001.0
32.1,6.6,1020.2
50.2,5.3,1017.1
41.5,4.3,998.6
54.6,19.9,1019.1
69.8,11.7,1021.1
45.6,11.8,1008.2
61.6,4.0,1012.4
79.2,11.2,998.8
77.0,23.4,992.6
40.6,24.2,1011.2
83.0,9.3,991.5
55.5,15.9,1006.5
86.2,19.8,1000.9
46.2,13.5,998.0
58.6,16.7,999.0
67.0,17.9,1017.5
40.4,8.5,1011.2
70.2,8.3,1003.7
46.8,24.3,1007.3
79.3,15.0,1003.4
37.2,11.2,993.3
70.3,17.0,995.7
43.7,18.9,1010.2
64.6,15.5,991.2
35.5,23.8,1011.7
87.2,4.4,1000.5
70.2,17.0,1012.1
45.0,16.0,1020.9
53.9,10.4,993.7
86.2,16.7,1019.6
81.6,9.3,993.8
88.8,22.4,1007.4
67.7,6.0,996.9
60.9,4.6,1017.2
82.9,6.0,991.8
53.3,16.9,999.1
88.4,20.8,1000.6
46.9,21.7,994.1
87.3,21.5,1015.3
71.1,14.3,1010.0
60.5,10.1,1023.8
80.2,18.9,990.8
82.2,24.9,1002.2
62.6,17.7,1011.3
92.3,19.6,1001.3
56.5,10.3,1017.9
87.2,18.3,1016.5
45.4,5.8,1008.8
73.4,11.0,1019.5
50.3,5.8,1017.3
91.9,16.8,1010.8
68.5,3.6,1010.4
50.7,17.2,994.1
86.1,23.5,990.9
53.1,22.5,1013.3
41.5,17.3,993.6
67.8,11.1,1003.1
50.4,19.2,994.6
49.1,18.3,1010.3
77.8,4.7,997.6
43.7,20.4,1024.2
84.7,13.0,1000.9
84.8,23.6,1005.9
74.9,8.8,1004.9
58.9,8.7,1023.2
30.8,11.4,1022.6
43.9,24.0,1017.8
93.2,22.9,1017.8
42.0,13.5,997.9
48.3,12.4,1006.0
39.2,20.4,1001.4
82.2,10.0,1002.0
86.3,3.0,1003.3
83.0,21.2,1007.2
73.4,5.1,1017.5
92.8,8.4,1002.9
49.6,19.4,1002.0
92.5,5.0,1012.0
49.0,3.2,1009.2
52.3,15.9,1014.1
64.1,8.9,999.8
76.1,8.8,992.5
71.5,24.2,1010.9
62.5,21.3,994.9
48.5,13.2,1016.8
51.4,13.7,998.1
68.6,20.2,994.6
88.9,16.0,999.2
46.6,2.5,1003.3
87.3,10.3,1005.2
62.4,8.0,1022.7
31.8,5.9,1017.8
71.0,4.3,992.3
91.4,24.1,1009.7
90.5,11.5,1010.4
71.3,20.4,1023.4
80.3,17.0,1014.5
64.0,13.1,997.4
43.6,18.9,996.0
59.7,3.9,1001.0
57.7,12.5,1018.1
56.8,12.7,1002.0
85.1,24.3,992.3
56.5,10.3,1004.7
61.4,10.3,998.9
74.1,5.5,998.8
93.4,18.5,1004.5
92.3,18.0,990.5
64.0,16.1,1013.0
56.9,9.3,1021.4
83.6,14.5,1000.0
67.6,5.0,1015.7
71.7,21.1,1021.7
72.6,2.5,1005.0
60.0,9.3,990.4
91.7,16.1,1008.9
58.6,23.2,991.7
68.0,11.2,1015.8
81.4,11.5,990.2
89.4,15.0,1001.2
86.2,7.7,1019.7
41.3,3.0,993.2
87.7,13.3,1023.0
80.8,18.2,1012.3
56.4,2.6,993.7
38.5,17.4,1011.3
54.1,12.9,1000.5
69.8,11.1,996.1
55.1,16.4,998.8
38.0,22.5,1019.1
57.1,22.4,1020.3
57.1,3.1,990.7
60.4,4.2,1019.8
63.7,7.3,1013.1
86.8,23.6,1011.2
65.2,14.7,1024.2
41.0,20.7,999.4
47.2,20.1,1011.9
34.5,5.4,995.5
90.6,12.4,1020.5
80.4,24.0,1018.0
36.7,13.3,999.0
80.6,7.1,1008.6
70.0,22.8,1011.9
77.4,5.7,1015.3
77.8,9.8,1003.6
65.3,24.8,1006.8
73.1,20.6,1000.1
72.0,23.7,1004.4
51.1,3.0,997.6
45.2,19.9,1023.9
69.7,21.5,999.8
87.4,17.5,1022.0
34.0,19.5,1017.2
35.3,10.1,995.8
47.0,14.4,1009.0
41.4,20.6,1009.8
86.4,11.7,1008.6
83.9,21.5,1002.0
94.9,23.9,1020.7
67.2,16.2,1004.7
63.3,23.7,1000.3
57.1,23.4,1000.4
45.2,15.9,992.3
51.0,2.0,1023.7
30.9,17.4,1021.7
34.1,20.9,1009.7
61.0,17.0,995.5
52.7,23.6,1023.6
72.0,20.0,1007.6
47.6,11.6,1022.5
71.9,15.2,1001.2
69.9,14.5,1008.4
46.2,6.6,1001.1
79.3,9.1,1020.1
75.8,10.9,1015.1
72.9,16.0,1024.8
52.5,9.1,992.7
33.9,13.8,1021.8
35.1,7.2,1009.4
83.6,19.5,1013.9
50.7,12.2,996.2
94.4,16.3,990.9
49.3,5.3,1011.9
80.6,6.4,1000.3
40.1,20.3,1004.4
84.4,19.2,1000.7
66.4,8.0,992.1
61.7,13.8,1001.7
46.6,12.9,991.4
63.0,18.0,1019.6
58.6,13.3,1005.5
82.1,10.6,1020.5
66.9,19.7,990.7
73.1,4.3,1010.3
89.0,2.9,1013.0
40.7,15.2,1022.2
90.3,13.8,994.2
37.7,3.1,991.5
93.3,6.9,1004.5
33.7,14.2,1024.2
83.2,17.9,1013.0
46.7,12.4,1018.9
75.9,20.3,1007.3
50.7,22.8,1024.8
71.9,7.8,1017.4
68.7,10.2,1020.9
72.4,17.1,1020.0
82.8,14.3,1012.1
51.7,13.1,1001.3
66.6,10.1,991.7
71.0,17.4,991.0
64.6,24.3,991.5
81.2,23.0,992.1
81.3,24.9,1020.8
52.2,3.8,1017.7
72.1,16.1,1008.6
56.4,13.3,1003.2
58.4,16.7,996.6
35.5,13.3,998.4
37.9,3.3,1008.8
84.0,9.5,1020.5
48.9,15.8,995.2
82.0,11.0,1016.6
33.0,2.1,1000.8
78.4,23.0,1016.4
90.4,4.4,1020.2
44.7,16.1,1022.6
91.6,16.8,1000.3
51.0,16.4,992.8
67.7,11.9,990.9
63.8,22.4,1008.9
36.1,20.4,1024.9
41.6,12.2,1008.6
40.2,18.6,1005.0
84.9,23.9,993.3
65.5,14.2,995.8
81.1,5.2,997.1
33.2,4.6,1015.2
61.2,19.8,997.8
70.2,14.3,1011.6
55.0,2.5,1004.2
93.5,7.8,1004.4
88.8,19.2,1001.2
84.5,8.7,1022.5
72.5,3.4,994.9
45.1,3.0,1008.7
72.1,20.3,997.4
71.9,2.2,1013.8
70.7,10.9,998.6
61.8,14.5,1006.9
40.0,7.4,990.9
83.7,14.9,1003.8
76.7,19.0,1000.0
93.5,16.2,1000.3
75.6,13.2,1016.7
51.1,17.0,997.4
41.9,2.3,1004.2
67.9,19.0,992.8
46.3,16.5,996.8
79.8,5.3,1003.0
60.9,12.0,1003.0
51.9,23.0,1017.6
59.8,11.2,1011.6
69.1,7.6,1013.6
46.5,7.0,1015.1
53.4,10.0,994.6
69.7,7.7,990.2
85.9,3.1,1016.1
58.4,24.2,1008.1
79.5,21.9,994.8
63.8,4.8,999.2
32.9,19.9,1018.3
59.1,2.8,991.4
33.6,11.2,1019.5
59.6,6.8,1016.4
69.3,17.2,1017.4
73.4,10.4,1021.1
89.4,23.2,1009.5
93.9,13.9,1012.2
86.2,21.5,990.5
47.0,10.6,1003.4
66.4,10.8,999.9
89.8,13.4,1023.1
45.1,14.0,1015.0
59.9,22.6,1019.6
80.8,11.7,1022.9
59.7,7.6,1019.2
47.2,23.3,998.4
90.3,8.9,1014.0
49.0,12.6,1010.8
67.8,13.1,996.6
72.9,10.9,1023.6
44.7,12.3,1017.7
75.6,8.2,990.5
77.4,5.4,994.3
89.5,4.4,1000.0
69.8,24.8,996.6
47.3,22.5,997.5
92.8,3.7,1010.9
57.5,22.1,1006.5
72.7,21.3,1013.2
33.6,21.5,1014.7
39.3,5.5,1001.2
60.9,19.8,1007.7
30.7,15.3,1014.9
94.1,13.2,993.4
78.3,22.9,1012.4
49.2,8.6,991.0
73.1,23.9,992.1
72.4,8.2,1003.3
85.7,9.5,1004.4
79.7,20.5,1004.8
45.5,2.1,1013.0
37.0,9.2,994.1
75.0,17.0,1005.9
42.8,17.4,1008.0
72.7,22.9,1011.2
61.7,17.2,998.7
90.7,19.8,995.3
86.6,5.1,1017.1
44.6,21.6,998.9
39.4,21.5,1001.7
51.3,9.6,1018.7
74.2,3.7,1000.7
66.3,19.6,999.4
38.2,7.9,1006.0
81.2,12.0,1002.4
80.2,8.0,998.8
35.7,21.1,1023.0
73.4,8.0,1012.4
93.0,20.2,994.2
30.4,16.4,1001.7
91.3,21.7,1021.2
81.5,10.6,991.1
44.3,10.7,991.5
72.6,10.4,998.5
44.5,23.2,1023.7
57.0,4.9,1006.5
89.0,6.9,1016.6
92.4,22.2,1018.5
44.5,22.1,1003.8
60.4,16.9,998.8
36.3,5.9,1005.3
31.1,15.4,1020.4
79.5,5.3,1001.3
91.4,5.4,1019.7
92.3,14.5,999.4
75.9,12.6,994.8
30.2,7.5,1021.9
35.7,9.5,1012.5
47.1,6.3,1013.8
82.4,21.4,1019.6
35.9,22.2,1003.2
68.6,22.4,1008.7
61.0,9.2,1017.2
69.9,12.4,1008.0
65.2,15.9,1005.4
93.1,20.6,1022.6
94.0,12.0,1000.3
90.3,24.9,1017.0
44.4,23.7,1013.8
49.8,14.0,1017.3
47.3,5.4,1015.2
54.6,13.6,997.3
45.7,8.2,1013.1
94.0,19.7,1024.8
93.1,22.9,998.5
76.1,4.7,991.1
68.9,2.4,995.1
85.0,16.7,992.5
37.7,19.6,992.4
59.8,11.9,1010.0
82.7,22.2,1022.4
60.8,3.3,1004.1
38.4,21.2,1024.1
52.8,10.2,1006.2
54.5,23.3,1007.2
73.3,16.7,1001.7
38.8,3.0,991.2
51.1,8.8,1024.1
61.3,4.6,1010.0
49.1,12.2,992.8
30.6,16.9,1023.2
70.3,19.1,998.4
49.0,7.7,1003.2
63.6,14.4,1005.5
58.1,14.4,1015.3
57.6,4.1,1023.2
39.8,21.1,998.8
49.2,5.0,1022.5
63.0,5.1,1022.1
44.1,10.5,1008.3
91.6,15.0,1018.9
46.3,15.8,1024.9
71.5,5.9,1021.7
90.6,7.3,1024.7
36.8,7.2,998.8
81.2,20.9,1007.7
71.1,10.2,997.6
31.2,24.8,996.5
56.0,24.7,997.8
91.3,16.1,1019.0
90.1,11.7,1018.0
57.5,11.5,991.0
79.1,5.4,1016.5
52.2,20.3,991.0
51.0,4.1,1017.5
62.0,10.4,1010.2
94.5,11.7,1005.5
83.2,19.6,1010.4
63.0,19.2,1002.1
48.9,13.2,1019.7
88.2,5.6,1013.9
50.9,13.4,1017.4
47.6,24.6,1023.9
31.1,12.9,1003.8
58.9,21.4,996.4
63.8,14.8,999.9
88.1,20.0,996.0
76.2,22.3,992.6
74.4,3.7,1009.6
87.2,17.3,1009.2
64.9,20.7,999.8
53.0,11.3,1007.1
93.1,2.2,1016.9
36.7,14.5,1014.6
61.1,19.6,997.5
77.0,12.0,1007.4
35.1,7.5,1016.7
85.0,2.6,1010.6
94.6,21.7,993.9
91.5,10.0,1016.6
63.1,5.8,991.9
70.5,15.6,991.5
48.4,22.5,1006.7
50.2,23.9,999.3
58.5,6.6,1010.1
68.5,8.3,1014.0
62.9,17.0,1012.8
34.3,13.6,1021.4
58.1,14.1,1001.1
55.3,20.4,999.0
43.7,11.2,1020.2
63.2,3.2,1006.0
60.6,11.9,992.8
69.8,17.4,1017.9
91.7,2.1,999.1
44.5,13.6,1012.9
33.3,6.7,1005.3
91.4,7.0,1005.7
55.1,20.9,1019.3
52.8,3.2,1017.3
48.6,21.6,1010.2
31.9,11.8,1007.9
50.8,17.7,992.3
91.3,21.5,1006.1
54.5,24.3,1020.0
95.0,15.4,993.6
60.3,22.0,995.1
55.9,22.6,1016.4
43.7,10.7,1000.2
49.1,11.6,1002.9
58.5,9.0,1012.1
59.1,2.3,1002.8
30.6,19.0,998.5
42.9,11.0,1020.3
85.2,10.8,990.4
39.4,22.6,995.7
66.1,7.3,1003.1
47.9,20.1,1019.3
58.9,10.3,1002.9
84.2,11.1,1012.9
66.2,22.3,1004.1
30.8,13.9,1009.8
65.8,7.4,1001.7
46.0,17.2,998.2
73.6,14.0,997.2
49.6,6.0,992.2
48.1,20.5,1007.5
81.0,14.9,991.6
73.0,16.4,1020.1
51.3,16.7,1014.6
39.6,17.2,995.2
90.5,16.2,1013.0
59.7,20.3,1024.8
30.7,20.7,1003.9
65.3,18.3,1020.5
49.8,8.1,999.0
41.9,5.8,1017.9
71.4,3.0,996.1
50.0,22.6,1014.2
71.7,5.0,1018.7
78.0,21.3,1021.0
43.3,22.4,1003.8
87.6,8.8,1016.9
77.4,20.5,1013.5
41.0,6.6,1019.3
79.3,11.8,999.6
37.7,18.9,1002.5
82.4,24.1,1007.9
59.6,14.7,1014.3
84.6,11.8,990.1
60.6,23.4,993.0
61.8,12.7,1011.9
36.3,16.8,1019.7
60.7,22.4,1001.5
52.1,24.0,1006.7
32.5,12.1,1016.4
88.5,21.6,1007.3
80.9,15.1,1017.3
38.0,2.2,1001.3
88.1,17.2,992.6
32.9,6.9,1007.1
32.3,15.2,1014.3
69.4,19.2,1010.9
61.3,6.0,1007.7
37.9,21.1,998.9
86.5,3.8,1012.9
68.9,20.9,991.4
75.0,18.1,1010.7
43.3,19.3,1014.4
48.9,19.3,1009.8
41.8,6.2,1024.1
44.2,3.5,1017.1
75.0,19.7,1007.9
45.3,23.9,1012.7
51.4,14.7,1007.6
61.1,10.7,994.5
56.9,6.4,990.6
74.7,13.2,1022.3
79.3,11.1,993.9
56.6,21.5,1004.0
77.4,17.6,999.5
90.1,20.9,1019.9
86.3,20.0,997.5
56.9,16.8,1009.7
69.6,17.5,994.3
35.6,2.9,1014.7
49.5,12.9,991.8
52.6,3.8,1023.4
30.1,12.1,998.4
94.2,16.9,1001.4
45.8,3.1,1020.9
69.9,7.4,990.7
69.5,16.9,991.0
56.8,7.1,1009.3
75.3,13.0,1017.0
44.3,8.6,1008.3
50.2,23.0,997.0
83.4,15.3,995.9
67.3,17.2,1019.4
53.9,22.4,1017.8
60.6,13.9,1012.3
38.3,14.8,1018.5
77.1,16.1,993.7
79.6,19.5,1005.1
73.6,6.0,1002.9
68.6,7.8,997.0
50.0,22.9,992.8
91.1,13.2,1021.4
45.4,4.1,1020.9
83.5,17.5,998.3
74.9,24.5,995.9
34.6,13.6,1017.5
85.6,8.4,996.0
68.9,12.9,1024.9
38.2,8.6,1013.7
36.2,17.2,1016.7
47.3,11.8,991.8
51.7,4.0,1011.7
33.1,23.9,1005.0
32.5,22.1,1019.2
93.9,2.9,999.1
75.9,24.1,993.5
73.9,12.1,990.1
94.6,10.7,1009.0
61.8,24.7,990.5
57.5,24.6,1021.1
89.0,6.7,1022.7
52.9,16.8,1007.9
89.0,24.4,1006.2
37.9,18.5,1024.0
73.4,18.7,1024.9
92.9,21.1,998.9
85.6,24.6,1003.9
94.1,11.8,1012.7
84.5,2.2,1000.2
45.1,2.7,1006.2
68.1,9.7,1011.4
84.3,14.8,1022.8
38.8,16.2,997.3
85.6,7.4,1024.9
46.6,6.7,1005.7
75.0,8.3,992.8
45.0,17.8,998.3
33.8,22.2,1020.3
82.3,12.8,1009.2
60.4,4.6,990.7
34.9,15.3,1013.0
58.7,3.8,1007.7
87.8,22.4,1006.5
71.5,18.2,1002.3
56.8,9.7,1015.0
69.4,17.1,1016.6
90.7,24.3,1017.0
58.0,17.3,1008.1
43.2,22.9,1011.5
87.5,16.9,998.3
72.0,13.8,999.8
79.9,19.8,1008.7
49.1,14.0,1003.5
78.0,20.7,997.1
66.8,4.9,996.4
58.7,18.4,1001.8
76.8,12.4,1014.9
61.2,5.2,1008.4
84.0,17.6,992.9
71.0,21.0,1004.0
35.9,2.7,999.9
93.7,6.7,1016.3
92.3,9.0,1006.0
85.2,15.0,996.4
32.3,19.9,995.0
40.2,22.0,1002.3
59.2,10.2,1004.4
46.4,9.8,1004.1
68.0,23.8,1004.8
54.3,13.8,993.6
42.1,3.9,996.0
37.0,10.3,1023.2
66.3,16.2,1020.4
35.9,8.7,994.5
78.8,23.5,991.8
43.4,23.5,1019.0
57.7,6.4,1011.3
53.6,8.2,990.9
66.0,23.9,1008.6
53.0,12.0,992.0
82.7,22.9,1001.2
61.6,8.4,1005.8
83.5,9.7,1019.1
42.3,14.2,1007.5
73.0,11.2,994.6
67.0,16.3,1019.3
87.3,11.7,1005.4
37.0,8.1,1007.9
34.6,4.1,994.2
50.1,3.5,1004.3
34.8,22.3,1020.8
90.4,10.9,999.7
51.5,6.9,1018.9
94.5,15.5,1004.8
71.0,9.8,1001.5
85.9,16.6,1018.2
36.4,20.9,996.5
85.8,5.0,993.0
36.7,21.3,994.1
78.1,14.2,1012.6
49.4,15.2,1014.6
63.7,14.3,991.8
61.1,5.7,991.7
56.7,23.7,1008.9
81.9,19.1,994.6
47.6,13.6,1002.9
86.4,8.8,1011.5
90.1,9.2,1015.6
84.4,15.2,1019.6
44.7,21.9,1020.7
70.7,22.3,1021.6
71.3,3.3,1023.1
44.0,4.4,1006.7
90.5,23.5,991.7
44.9,23.7,995.4
83.1,5.6,998.6
86.5,2.4,1005.8
64.7,3.5,996.7
94.7,22.1,1005.1
59.7,20.3,1009.4
45.0,20.1,1012.6
82.2,4.3,1015.3
35.0,17.2,1004.6
54.8,17.0,990.6
44.3,18.3,1017.8
52.5,4.3,990.1
68.0,7.2,1021.3
32.2,11.3,991.1
79.5,14.7,1002.1
79.8,22.0,1009.1
36.1,24.5,1008.6
32.5,12.6,1016.8
35.9,10.1,990.5
73.9,4.8,990.5
43.5,25.0,1018.0
51.8,15.7,995.9
40.8,4.7,1002.9
44.4,2.1,1003.5
47.1,4.0,1015.9
70.9,21.0,993.8
39.8,3.8,991.0
37.2,7.8,1016.9
49.0,25.0,1002.5
45.4,5.0,995.5
65.6,13.6,1001.7
77.4,9.5,1014.7
67.4,5.4,992.4
67.6,14.0,993.3
52.3,14.2,1010.1
65.5,3.5,1018.0
60.1,23.1,1015.2
68.6,19.7,994.5
65.8,11.8,1004.5
60.2,2.9,1001.1
94.5,2.9,993.2
53.0,18.8,1023.4
31.4,14.5,1001.0
49.0,19.1,1006.4
53.7,20.6,1006.4
47.0,17.4,1008.6
32.9,7.2,998.4
50.0,18.6,1005.6
59.4,17.4,1011.6
67.7,18.0,1003.4
43.8,19.6,990.7
57.1,9.7,998.2
67.9,11.7,991.7
79.6,9.3,1013.0
48.9,2.4,1015.1
63.2,6.6,1000.1
35.5,8.0,1003.6
49.2,11.7,994.0
38.1,17.8,1003.6
72.5,2.0,992.6
64.2,11.0,1001.5
58.7,23.7,1024.5
91.4,6.9,1016.2
91.8,20.5,998.5
63.5,11.8,1006.8
78.9,23.6,1019.3
48.3,8.7,1009.4
36.6,21.4,1015.8
67.9,16.7,1019.3
68.8,9.1,993.9
79.0,22.5,1009.5
87.5,17.7,1006.0
41.6,3.0,1008.3
31.5,6.6,998.4
36.7,14.1,1007.9
83.3,14.7,1022.5
82.1,23.0,996.2
83.4,10.8,995.6
39.1,21.4,1018.2
85.9,17.6,1009.3
83.6,10.7,1007.2
30.6,20.1,1014.5
91.2,13.3,1005.4
33.0,18.4,991.4
61.6,6.1,1017.7
76.8,2.9,1000.2
76.8,5.4,999.8
85.1,22.1,992.4
83.1,24.7,1007.2
57.2,9.1,1016.4
81.3,2.8,994.3
75.0,9.8,1012.2
44.4,24.0,995.2
38.0,14.5,1016.1
91.2,20.6,1011.3
79.0,15.8,1000.0
39.9,19.3,1009.7
57.9,10.3,1013.0
64.5,15.6,996.5
60.7,22.4,1016.6
69.0,4.0,1001.9
32.6,20.4,1020.1
40.2,4.9,1012.0
88.8,7.8,994.2
48.0,3.8,1013.0
61.1,22.3,1003.5
59.6,17.0,1012.9
74.4,12.6,994.4
62.2,22.4,1000.3
71.9,3.8,1001.1
55.8,11.8,1003.4
40.3,22.1,1000.2
57.8,2.7,996.2
42.6,5.8,1011.1
36.8,23.0,997.8
61.6,3.2,1007.2
87.0,20.6,1009.2
63.6,18.0,997.5
83.7,10.9,996.3
77.3,13.4,995.7
48.2,4.7,1006.7
89.3,5.4,1003.8
94.3,20.4,1024.3
74.4,12.3,995.6
32.3,12.3,1011.9
71.8,13.6,1000.0
41.9,13.2,992.5
75.7,8.7,992.8
53.8,3.5,1018.3
83.7,4.9,1022.6
89.8,9.7,1010.0
35.5,15.9,1004.7
92.2,3.3,1016.1
91.9,15.1,997.5
42.4,4.6,994.8
74.5,20.1,1011.9
59.7,2.7,1004.7
33.0,9.5,1018.1
92.7,7.6,1020.9
42.0,9.0,1003.9
75.8,21.1,1005.6
90.5,12.5,1021.7
79.7,13.3,1021.5
46.9,11.1,1002.8
75.9,5.6,1013.8
37.6,9.9,1023.4
67.2,12.6,999.5
66.5,8.4,1009.3
54.2,9.2,998.9
43.3,13.0,1001.2
56.3,9.9,1012.6
44.8,24.5,1019.1
92.7,9.3,1002.4
94.6,14.3,1017.5
92.6,9.1,1000.8
40.1,3.6,1012.3
36.9,7.4,1017.0
47.5,16.5,1022.7
43.8,6.8,1001.2
31.0,21.3,1004.4
88.5,19.8,999.6
30.5,5.6,1020.5
39.9,6.4,1017.0
34.5,4.9,991.2
39.0,17.7,1017.0
45.4,2.7,999.3
69.5,13.1,1001.5
60.9,17.9,1014.3
89.2,16.3,1000.7
41.9,18.9,1003.1
45.8,6.6,1022.8
58.9,8.7,1017.1
44.9,11.0,998.6
87.3,24.8,998.3
62.9,8.2,1012.7
66.5,18.4,995.8
55.1,4.7,1006.5
73.4,8.7,993.2
81.6,12.8,1010.0
65.5,24.5,1021.5
82.6,14.4,996.5
44.1,20.7,1002.2
30.6,12.4,1000.6
77.5,17.0,1018.6
35.7,19.8,1015.4
36.6,6.2,1012.7
74.3,2.6,994.3
68.3,23.3,1010.7
52.2,2.5,997.7
69.7,18.8,1012.8
83.9,16.1,1017.5
51.1,21.3,995.0
81.4,25.0,1004.2
48.7,10.6,992.3
89.5,8.2,1009.6
33.8,4.5,995.4
58.5,5.1,1020.8
39.9,4.4,995.6
40.9,11.6,1008.6
35.3,6.7,1000.5
34.1,14.6,1008.7
37.3,14.1,1003.5
91.6,17.9,991.4
81.6,19.3,998.2
87.5,21.1,1008.9
33.5,2.4,997.9
32.7,6.5,1012.5
70.3,14.8,1023.6
32.9,20.8,1018.8
63.6,11.7,992.2
78.9,21.5,994.4
65.0,22.5,1024.0
59.9,16.4,1010.5
53.6,19.5,993.7
90.1,7.1,1010.3
81.6,17.8,1017.3
75.9,22.7,998.0
62.6,15.0,990.8
71.9,19.2,1014.3
50.3,24.4,1018.1
52.6,15.5,1022.3
76.5,9.7,994.7
56.5,22.4,994.8
64.8,16.7,999.9
56.1,19.6,1022.2
61.8,9.1,1012.3
42.2,2.0,1001.3
80.3,16.8,1001.6
30.8,9.7,1013.3
61.5,24.1,1009.8
45.9,11.5,1009.2
62.0,6.7,1003.4
57.8,14.9,1018.8
35.9,17.4,995.5
65.0,10.6,1022.9
45.6,9.5,1014.0
76.7,2.2,1007.9
92.7,3.5,1020.6
54.5,3.9,1006.2
75.9,4.6,990.6
59.2,15.0,1000.6
78.2,14.3,1005.0
54.8,4.0,1003.2
43.2,17.9,1003.5
87.3,10.7,1018.0
82.9,4.8,990.6
56.1,24.5,1015.9
91.5,6.9,993.6
74.1,20.6,1012.9
89.9,17.0,999.0
33.0,9.9,1012.5
70.3,13.9,1021.9
70.1,8.1,994.0
42.8,11.7,1019.2
33.4,18.7,1004.2
66.6,14.1,1012.1
84.6,13.2,999.9
45.3,22.5,994.4
44.7,24.6,1014.5
44.2,8.0,1000.9
41.0,12.8,1012.6
37.9,8.6,1019.6
50.2,12.7,1022.8
94.1,9.4,1011.0
52.6,20.0,1020.4
90.1,2.8,1025.0
94.1,4.5,1021.9
74.2,16.2,1017.9
86.4,13.0,1017.1
43.9,6.4,1018.3
54.8,9.0,1009.4
61.0,24.2,1009.8
77.9,23.4,1012.1
90.7,22.5,1014.8
48.4,10.1,999.4
32.6,12.9,1019.5
87.2,11.6,1012.0
38.2,9.0,1017.7
70.6,4.6,997.5
78.5,15.4,1011.3
50.3,20.2,1007.5
78.7,24.5,1000.2
65.7,13.4,1018.1
31.7,4.6,1009.4
46.8,20.5,996.9
40.9,6.3,995.1
44.9,23.1,1020.9
52.2,3.9,1014.9
61.9,5.3,1015.0
70.2,16.6,1020.8
33.7,24.3,1005.7
39.4,9.8,1005.8
90.8,7.3,1016.5
42.5,7.0,1007.7
75.5,16.2,1006.7
63.0,19.1,991.7
70.5,8.4,1020.2
41.6,7.7,1013.5
63.2,7.9,990.5
48.0,19.5,1001.9
45.8,2.8,1021.8
47.4,6.0,1016.1
77.2,18.6,1014.9
48.7,12.5,1015.4
41.1,20.9,1024.9
59.3,2.3,1020.3
33.3,21.4,1002.2
59.4,16.5,1020.0
31.3,7.2,1003.4
31.8,15.2,998.0
44.9,23.7,1005.2
90.8,23.0,1003.5
75.5,5.8,1011.4
80.7,7.9,1011.0
48.7,10.7,1001.6
85.9,13.3,1021.8
48.2,10.3,1007.2
61.2,7.2,1001.7
81.9,19.3,1003.3
78.1,2.7,991.0
31.2,20.3,1016.2
78.1,23.6,1014.4
75.3,22.4,1019.0
52.3,21.3,990.3
93.9,12.9,1024.8
87.9,14.2,1017.7
40.6,5.0,997.9
51.6,24.7,1012.6
48.7,22.4,1016.9
40.6,21.3,1018.6
44.8,8.4,990.8
49.1,21.4,1017.5
36.5,21.8,991.8
90.1,12.6,1008.8
31.4,14.7,1008.1
81.1,16.7,1021.3
84.9,3.7,1000.3
65.2,16.4,1022.4
68.7,8.7,999.8
95.0,20.4,1018.5
93.4,10.9,1013.9
55.1,21.6,991.0
52.7,23.1,1011.7
87.7,12.8,1020.1
80.7,6.9,1017.5
61.5,20.3,1019.7
80.9,8.7,1002.1
74.7,19.4,1000.4
55.3,16.6,1006.4
51.7,3.7,1010.2
34.6,13.0,1012.6
50.6,17.1,1009.6
84.3,19.0,999.2
84.3,16.9,996.7
32.6,12.2,1016.5
33.5,8.6,1016.1
37.9,7.9,1011.8
72.6,7.4,998.2
47.4,10.0,1009.6
46.2,16.9,1008.7
63.0,9.8,1024.4
56.2,5.5,1014.9
66.9,13.8,1017.1
37.4,2.2,993.3
51.5,8.7,1006.2
56.4,4.3,1020.2
85.0,10.9,1014.7
51.0,9.8,1003.4
67.6,20.5,1000.6
45.5,17.1,1018.8
32.7,9.0,1001.2
79.3,4.3,1024.4
77.7,16.8,991.4
30.9,6.7,1015.9
56.5,4.4,1020.2
61.1,6.4,990.0
62.0,21.9,993.4
46.9,23.6,1019.7
36.1,14.6,1024.5
90.7,2.4,1003.2
67.2,7.6,1015.0
55.0,22.5,996.7
47.5,22.5,1018.6
74.3,22.0,1006.7
76.7,16.8,1023.5
65.4,24.5,1019.0
54.7,22.3,1022.6
34.9,8.9,994.5
68.5,23.8,1023.7
64.5,7.2,1023.7
35.9,16.9,993.5
32.0,20.7,1010.4
73.7,10.1,1009.6
83.1,14.3,990.7
83.5,21.3,1017.2
94.4,4.8,1017.9
43.7,22.4,999.1
65.9,6.7,1023.1
87.0,11.6,992.9
88.1,7.6,1008.7
55.7,16.6,992.9
48.4,18.9,991.2
48.3,21.8,1018.8
73.6,21.3,1001.5
66.9,23.1,1005.3
92.0,10.3,1007.3
82.0,19.6,994.3
75.1,9.6,1024.5
94.4,22.5,1013.2
42.4,7.6,1001.3
79.5,6.7,1005.6
77.4,4.0,995.3
78.8,21.6,1012.4
77.7,8.9,1011.8
91.8,21.6,1021.0
53.6,5.8,996.1
75.9,10.5,992.8
44.8,3.4,993.2
75.6,18.9,995.2
93.4,2.0,992.0
86.9,19.4,1000.1
32.8,24.9,1004.4
45.1,15.2,1005.8
73.8,22.9,997.6
58.0,23.9,1013.4
90.3,9.5,1013.5
45.9,22.2,1011.0
39.0,15.8,1005.4
87.7,11.2,1022.7
48.5,20.9,1003.8
52.8,15.4,1024.4
94.2,21.6,1019.3
35.6,4.3,1020.1
94.1,2.4,1010.5
34.8,9.7,1003.7
86.8,17.7,996.6
32.5,18.8,992.0
90.7,2.6,1022.1
42.7,11.4,1013.3
72.2,12.0,1013.2
81.3,9.0,1017.5
63.5,2.4,1024.9
81.8,17.2,1022.7
55.2,3.6,1011.4
48.0,18.0,1023.6
44.4,22.4,1011.5
51.1,4.6,1020.1
69.0,20.6,998.0
90.3,18.1,1010.6
32.9,8.2,991.0
47.2,12.7,1024.7
40.1,7.4,1015.8
41.4,3.7,1008.1
48.2,8.9,1012.4
60.0,10.3,999.0
55.0,18.6,1012.7
61.9,7.1,1015.5
84.8,22.4,1013.7
38.6,7.2,1014.4
52.4,23.0,1013.1
90.2,21.0,995.8
40.3,12.6,998.2
55.6,20.4,997.7
72.1,23.5,1018.7
81.6,6.5,991.7
81.6,2.7,1013.0
86.6,6.9,992.5
60.2,4.7,1018.5
71.9,11.6,1005.0
46.2,2.8,994.2
34.8,11.0,1016.7
88.4,17.4,999.8
80.2,16.0,1008.7
88.7,20.8,1006.3
76.8,8.4,1018.4
47.5,18.0,999.5
33.8,14.2,998.0
37.5,12.8,992.2
33.7,20.3,994.6
76.3,2.2,1019.9
81.2,15.4,1000.2
58.3,3.1,1024.5
45.1,10.9,1008.6
45.4,16.5,1004.5
34.5,21.2,1007.3
45.9,18.8,1016.7
31.7,5.1,1010.2
63.5,7.4,1001.2
40.5,12.5,995.5
56.6,20.1,997.4
39.2,9.2,998.4
45.1,8.3,1006.9
65.6,22.2,1000.8
76.2,23.3,1005.6
77.3,2.4,1014.9
34.4,2.5,1022.9
88.8,22.9,1019.0
93.3,17.8,1002.6
39.9,8.8,1022.7
91.4,3.7,1001.5
51.4,11.3,1023.2
82.0,10.9,1000.9
38.4,13.8,1001.9
59.1,13.4,997.5
51.9,19.4,1010.5
70.5,6.2,1018.0
39.3,11.3,1013.7
89.1,24.1,1000.7
31.6,8.7,1002.1
55.4,15.7,1014.5
69.1,8.6,1022.7
38.3,22.3,1006.6
33.4,6.0,994.6
85.4,11.2,1021.9
94.1,20.6,1016.6
89.2,10.1,1013.3
89.9,22.4,1017.5
73.5,20.1,1011.6
59.5,15.7,1007.6
72.1,10.8,997.0
75.7,5.0,1012.1
76.5,13.0,993.3
88.8,4.8,1008.1
65.5,12.1,1018.3
67.1,23.5,993.7
75.2,22.0,990.7
37.2,20.5,1007.4
52.6,19.5,991.2
47.9,12.0,1008.6
64.1,11.5,1013.1
40.9,24.7,1009.3
31.2,7.9,1009.3
88.5,15.5,1004.1
53.9,22.4,990.5
94.4,5.1,999.0
79.4,7.7,1001.0
62.7,9.2,1006.5
43.9,3.6,1001.1
65.3,6.7,1008.7
32.4,19.6,1003.5
31.0,24.7,997.6
89.9,10.0,998.7
80.5,18.6,1003.8
44.0,19.6,1021.5
74.3,8.6,1013.7
76.4,8.3,998.2
30.1,2.7,999.0
37.9,17.9,1007.9
43.7,2.1,999.5
73.2,20.5,1008.5
91.4,7.9,1001.3
37.1,21.8,992.2
41.8,23.2,1003.7
53.7,16.5,996.1
82.6,19.8,1021.2
69.8,8.1,1021.3
60.8,2.4,990.5
59.8,14.8,1019.5
35.6,18.1,1017.0
86.6,21.2,1004.8
39.6,4.8,1015.5
53.1,21.2,1004.6
44.3,12.8,1014.6
83.9,7.6,1015.7
84.0,22.3,993.1
31.0,5.5,1006.9
47.9,4.8,1020.3
61.1,20.1,1011.8
74.4,17.0,1022.9
86.2,19.2,995.8
82.8,16.0,998.5
42.7,8.8,1005.2
72.1,18.4,992.9
58.2,10.1,990.1
63.2,13.5,1022.6
72.6,13.6,1013.1
88.0,8.8,1020.4
62.0,21.2,1014.0
45.5,23.5,1014.8
37.7,17.1,1005.9
50.3,7.8,991.9
30.8,24.5,997.2
52.9,7.7,994.8
44.3,14.1,1011.5
60.2,16.3,1012.5
57.4,23.6,1021.9
58.0,14.7,1003.5
67.8,19.1,1021.8
32.3,4.3,1000.2
56.2,13.6,1014.3
34.4,23.7,1024.9
50.1,14.2,1001.5
64.4,5.7,1014.2
82.2,11.2,995.9
64.0,2.9,1011.5
42.4,9.3,1016.8
52.3,9.1,1022.8
72.2,3.0,1011.2
79.9,17.9,1014.0
94.5,13.8,1017.7
76.2,17.1,1007.3
51.4,23.8,1014.7
89.5,18.0,1010.1
57.0,4.5,1014.8
61.0,23.7,1017.3
82.4,23.4,992.2
30.0,5.4,1021.3
69.5,2.1,998.4
47.7,11.0,999.5
87.7,12.9,1002.4
82.4,4.1,993.7
31.4,10.3,1014.6
91.6,8.9,1005.5
60.4,10.1,993.6
89.8,16.6,1008.5
74.8,16.4,992.5
46.8,18.7,1003.0
32.3,17.9,1022.9
78.9,20.5,1004.5
86.3,2.4,1024.8
60.6,8.6,1000.5
54.6,21.8,998.7
30.9,19.3,1010.1
44.5,15.4,992.2
34.9,14.9,993.5
85.1,6.0,1009.3
90.9,2.6,1001.5
44.5,11.1,1014.5
83.4,17.6,1019.5
62.9,17.2,1008.0
81.3,14.7,1007.3
92.7,19.0,1022.7
68.8,14.1,1015.9
30.3,14.6,1020.4
33.8,6.4,1006.9
76.5,3.5,1000.9
78.8,6.5,1016.8
77.6,4.2,1013.2
32.8,6.3,1000.6
39.6,14.6,1010.1
45.9,18.9,999.6
31.7,8.2,1001.4
42.7,2.9,1009.6
79.9,6.1,1013.9
75.1,18.6,1019.3
30.2,13.4,1002.1
63.8,7.0,1010.9
54.0,12.2,998.7
46.3,7.2,1015.1
64.6,22.3,996.9
59.4,14.7,1024.4
69.1,15.3,1006.4
66.4,7.2,1016.2
42.7,4.5,1012.1
74.1,9.4,1018.0
65.8,9.4,1011.7
87.2,2.8,1010.2
31.8,8.9,1004.7
46.8,13.0,998.0
79.3,24.5,1024.6
91.6,3.9,995.7
88.5,21.8,1013.4
84.2,5.4,1020.4
90.8,9.3,1008.5
63.1,14.9,1020.9
73.8,10.0,1019.4
76.4,6.6,996.0
56.3,7.2,1011.1
63.3,4.2,1023.2
66.8,17.1,1014.8
37.5,17.0,1003.4
87.6,19.7,1005.2
49.2,2.8,1001.7
35.9,18.2,999.0
43.9,4.5,1020.0
84.6,3.6,1014.9
44.9,6.0,1006.4
68.8,21.4,1012.4
46.5,24.9,991.6
47.5,3.6,1012.1
61.3,18.9,1017.5
79.4,11.8,1006.8
86.7,13.8,1022.6
44.4,8.3,1015.9
82.4,6.1,995.3
41.1,5.6,1010.4
51.2,7.1,1007.2
41.5,12.0,991.5
39.8,9.5,1008.7
56.4,6.2,1020.2
88.5,2.7,1019.3
42.3,4.7,1023.0
32.1,9.2,998.7
56.1,15.9,1012.1
50.9,11.7,1011.4
66.9,15.0,1004.6
92.9,3.0,994.1
39.1,9.9,1011.5
52.1,18.5,994.9
31.4,19.8,1007.4
63.7,12.4,1013.2
86.7,18.6,1001.0
52.1,5.9,993.8
84.3,21.4,1006.2
75.9,22.5,1010.7
48.0,23.4,1022.5
57.4,4.8,1004.4
93.6,11.2,1008.3
82.0,19.6,996.6
31.6,23.6,1021.8
88.9,7.7,1009.4
49.1,15.4,1021.7
72.2,15.7,1013.4
87.1,7.2,1003.4
69.2,6.9,1022.2
66.1,7.8,996.2
43.8,3.5,1015.2
72.2,21.8,1012.7
63.0,20.5,1003.2
61.9,19.4,991.8
51.2,16.6,997.1
75.6,24.2,1005.1
55.0,17.9,1010.1
77.3,13.9,1017.3
31.3,15.5,991.4
92.9,7.5,992.2
61.8,23.6,1015.1
92.2,24.0,1006.7
37.2,4.7,993.6
57.0,14.1,1022.8
80.2,8.0,1008.7
81.5,8.8,1003.7
64.1,7.8,995.8
83.3,16.9,1022.5
59.2,12.3,1011.4
66.0,13.2,990.9
52.9,16.7,1012.6
64.5,18.4,1013.0
69.8,18.2,1021.3
49.7,20.5,995.2
31.6,19.3,990.4
94.8,13.9,1009.8
76.6,22.9,1013.7
75.8,8.3,991.7
70.4,24.0,1014.8
92.1,12.0,1014.5
67.4,12.4,1020.5
44.5,5.8,1004.9
56.2,11.6,1003.8
72.4,13.3,1010.6
83.9,13.3,1014.3
55.1,19.8,1019.6
43.4,24.8,1011.6
67.5,9.3,1009.3
33.5,11.8,1024.8
90.3,23.5,1002.9
90.8,3.5,991.0
74.7,9.2,1009.3
90.2,21.4,1002.3
58.6,16.8,1014.7
65.5,22.1,1010.6
62.1,16.9,997.7
31.5,18.1,996.2
62.4,2.3,999.8
46.6,21.5,993.5
74.6,7.6,1009.0
58.4,21.1,1024.5
90.5,2.3,1012.9
71.5,18.7,1002.0
89.5,24.6,993.6
65.0,22.7,1020.0
63.9,23.9,1009.9
89.9,5.3,999.5
61.9,14.3,1002.7
90.8,15.8,1003.7
87.6,11.3,998.1
89.3,6.2,1009.6
49.9,13.4,1017.0
58.9,2.9,1001.7
72.4,7.1,995.8
93.8,18.1,1023.6
66.6,10.4,1007.4
87.4,8.0,994.3
81.2,18.0,1003.7
30.3,18.4,1005.9
93.8,9.2,992.7
43.0,7.7,1024.8
52.8,16.2,992.8
86.3,17.0,1013.7
38.4,5.4,1019.6
92.7,25.0,1000.0
36.8,21.6,1024.0
73.4,17.1,1001.0
47.7,23.3,1015.2
51.2,21.8,1019.2
51.7,17.2,1011.1
41.5,24.5,991.0
90.9,13.1,999.7
86.0,11.9,1024.0
37.6,14.9,997.7
86.0,12.4,1012.0
82.7,5.9,1023.2
51.1,11.9,1009.6
43.8,14.5,1019.8
80.4,5.5,1010.8
65.2,2.3,1014.3
58.2,15.4,1003.7
91.8,20.0,1009.7
30.0,21.1,1011.7
83.0,21.7,1017.3
45.2,8.5,1007.3
47.6,4.1,1014.3
65.4,10.4,992.2
94.9,10.5,993.8
64.1,3.6,995.8
89.0,24.7,992.3
40.4,17.9,1012.8
47.7,22.7,1012.0
73.4,8.7,1022.9
41.8,13.9,1012.8
61.0,7.2,1024.2
74.3,14.3,1024.8
30.9,15.9,995.5
88.9,18.9,1002.2
92.1,9.0,1006.0
44.0,16.7,1002.5
83.2,11.7,1001.7
80.2,8.7,1008.6
80.6,19.8,1023.5
87.0,4.1,1007.0
30.1,20.0,1018.2
73.6,7.2,1022.3
74.6,5.1,994.8
49.7,11.5,993.7
43.6,8.3,994.7
47.4,8.1,1013.4
75.0,11.0,1001.0
83.0,5.1,998.6
77.1,5.0,994.6
46.7,5.2,1002.2
75.2,24.5,1006.9
36.8,4.9,1006.9
52.0,14.4,1003.4
37.3,6.8,1020.4
85.7,12.6,1011.2
78.7,12.7,1021.2
89.2,22.1,1012.9
31.6,9.8,1016.4
86.0,2.1,1007.2
43.6,10.8,1011.8
70.6,14.6,1016.1
56.5,18.0,1006.2
83.2,8.8,1022.0
72.8,7.2,993.3
40.3,11.7,1009.7
91.2,21.6,1023.4
43.8,7.1,992.9
69.7,7.5,1001.2
52.5,19.0,996.8
50.2,14.0,1005.2
78.0,11.5,1015.7
44.8,24.7,1017.5
60.2,9.6,1020.3
50.8,10.7,1014.0
78.7,14.7,1001.8
93.9,3.9,1022.0
40.8,18.3,1021.1
54.5,8.2,1020.3
68.2,8.1,1001.8
33.2,6.1,1010.3
83.7,10.3,1016.9
41.3,9.7,1019.4
76.4,10.3,1005.1
76.7,13.6,998.1
56.1,11.1,1019.1
40.1,19.4,1009.7
57.8,18.1,1009.5
32.9,8.3,1022.2
32.8,17.9,1009.1
65.7,17.1,1012.4
80.6,24.6,1024.7
83.9,11.2,1008.8
78.8,5.3,1008.8
76.4,4.4,1016.4
51.4,21.7,1007.2
84.5,6.6,1005.7
93.3,6.6,1000.4
66.7,2.4,1017.9
67.5,6.2,1006.8
81.7,7.0,1005.4
68.5,5.7,1000.2
40.3,24.2,1021.0
66.1,24.5,1015.4
72.9,23.8,1016.6
36.2,18.8,1001.6
48.8,3.4,1001.7
73.5,6.7,1023.0
69.8,20.8,994.7
65.7,16.9,1001.5
79.4,17.2,1011.7
89.1,14.1,1018.8
35.8,12.7,1010.5
54.9,7.2,993.4
60.3,3.0,1008.5
64.3,9.9,1000.9
70.2,6.4,1021.9
38.2,11.2,997.3
84.6,15.0,1023.8
74.2,5.6,1014.7
93.3,16.2,990.1
79.6,12.6,1023.4
56.9,19.8,1023.2
38.4,20.2,1011.9
77.7,5.5,1010.6
46.1,22.2,998.8
46.2,18.5,1004.8
84.4,21.9,991.8
68.1,12.4,1019.6
53.8,4.4,1008.3
62.1,8.5,1018.6
85.4,13.7,1018.5
32.0,10.7,1006.4
78.3,22.1,1004.1
77.0,5.1,990.7
62.2,16.0,1002.0
91.2,12.4,1017.2
33.3,12.7,1010.7
77.0,16.0,1015.0
67.4,9.0,992.3
48.7,18.0,1007.9
89.8,8.7,1005.7
79.4,7.4,997.7
30.6,7.4,1015.1
78.0,13.7,1015.9
34.4,20.0,995.3
87.4,22.9,1019.5
46.5,25.0,999.9
66.7,4.9,1022.4
45.3,3.3,990.9
74.0,5.0,1012.7
43.4,11.0,1009.4
62.6,14.4,1002.4
81.3,22.6,995.4
49.8,7.5,991.7
56.6,2.0,997.7
89.5,14.5,1010.4
59.8,4.1,1003.1
57.0,22.2,1020.1
75.7,22.7,1007.9
77.9,12.6,1012.3
67.4,19.1,1018.3
30.6,16.4,990.5
30.2,6.3,1010.5
74.8,4.4,990.5
49.4,4.1,993.8
62.7,10.4,1014.9
83.8,23.6,1014.3
42.5,19.0,1013.8
71.8,13.2,1015.5
30.5,16.2,1007.6
45.7,22.0,997.5
40.8,22.4,1005.5
58.6,8.5,1023.9
79.0,20.9,1008.6
53.4,13.9,1022.1
91.2,24.4,1001.3
90.7,6.5,1011.6
42.5,12.7,1016.1
58.2,22.3,1006.7
88.6,9.9,1019.6
78.5,13.6,993.4
69.1,6.5,1010.8
52.8,8.6,998.3
38.8,18.0,1003.8
79.8,24.1,990.7
62.3,13.6,1022.9
52.6,19.9,992.5
88.6,10.8,1007.3
31.6,12.5,995.0
54.6,24.4,1007.8
38.4,17.2,1015.5
76.6,9.7,1015.0
55.1,3.3,994.6
82.7,18.7,1006.3
47.3,2.8,995.9
70.5,4.3,996.6
75.9,8.8,1021.6
38.3,19.9,1022.8
68.1,7.9,1010.5
34.3,8.1,995.9
56.6,20.3,1007.2
58.2,24.3,996.4
86.2,20.7,1004.1
36.2,10.1,1015.2
80.8,15.6,1013.1
82.5,18.8,1010.6
92.3,15.1,1010.3
86.2,21.5,1001.0
53.5,3.4,1001.7
51.1,14.6,1016.3
57.3,24.6,1008.3
32.6,6.5,1021.0
70.5,8.6,1006.4
73.7,13.4,1022.1
86.2,2.4,990.4
74.9,14.2,1012.0
43.1,4.1,996.9
81.0,18.9,1010.4
33.6,7.7,992.5
57.2,8.3,994.7
83.8,20.8,1017.1
48.2,6.3,994.7
38.9,9.4,994.9
48.5,17.4,1017.7
40.1,17.0,1008.1
33.0,24.4,990.5
57.1,16.9,1011.9
51.5,11.3,1017.8
71.9,12.1,1009.6
71.0,7.1,1009.7
79.3,9.3,1008.2
80.8,12.3,1010.9
31.7,21.2,1005.7
36.4,22.9,996.3
52.0,3.5,996.2
65.6,6.6,999.9
82.7,6.4,1018.2
66.8,12.2,1009.6
57.0,4.1,1014.9
88.3,12.0,1016.9
76.7,17.6,1009.9
91.4,21.8,1006.7
45.6,9.6,1008.7
55.7,16.3,995.3
32.3,6.3,1002.7
72.7,12.4,997.2
31.6,24.5,990.3
46.8,10.7,995.9
78.3,25.0,1006.0
87.5,21.7,1024.8
90.4,14.9,1000.1
50.7,16.3,991.4
48.6,6.4,1013.7
85.6,3.0,1017.8
63.1,12.1,1008.8
93.0,8.5,991.4
46.3,20.6,1006.9
43.4,7.6,998.3
67.2,2.3,997.5
79.1,17.4,996.7
77.2,8.4,1012.4
83.7,6.6,1023.3
33.7,12.7,1022.9
89.4,9.6,1004.1
67.9,22.9,994.0
66.4,23.3,1018.4
79.5,15.1,1014.2
93.5,14.2,1006.0
82.3,23.0,1013.2
66.1,23.0,1012.0
70.1,15.0,1003.7
77.4,8.3,1008.8
78.5,21.5,1003.9
38.6,2.6,1018.9
78.5,9.2,1019.6
47.3,16.9,1020.9
48.6,18.5,997.5
50.9,13.0,1013.3
89.4,16.8,1005.3
69.3,8.6,995.5
42.6,7.7,990.2
36.4,6.4,1000.0
82.3,8.0,990.4
64.1,6.3,994.1
56.3,17.1,1014.2
89.4,11.3,1015.6
90.0,23.5,1016.9
48.6,11.1,1004.0
71.6,17.0,1003.8
49.7,21.1,1011.9
84.8,6.6,1005.9
57.6,6.9,1003.9
83.2,21.2,1011.8
38.9,18.3,993.7
35.7,11.7,1014.8
53.3,4.1,999.1
43.9,12.9,1023.5
49.9,14.2,1000.4
76.3,4.2,1019.0
84.7,23.6,1023.2
81.4,9.2,1020.1
61.5,24.4,1002.1
67.2,16.0,1003.3
66.2,15.2,1021.1
90.2,17.8,996.8
61.4,21.0,1021.9
67.9,12.3,1013.7
91.3,19.5,1014.4
63.9,20.2,1017.9
81.6,14.5,1008.3
52.5,13.3,1008.7
32.4,18.0,1020.7
47.2,18.8,997.8
39.6,5.5,1011.3
69.1,22.4,1006.8
77.1,4.2,995.5
85.6,3.6,1006.8
92.7,20.4,1019.6
48.7,22.2,1011.5
60.1,3.6,1000.0
62.4,5.0,996.3
41.4,12.9,995.2
32.2,18.5,1022.7
40.4,6.7,1014.3
42.9,10.4,1011.5
50.5,9.2,1022.6
30.8,2.1,1013.3
76.5,16.8,1011.0
33.9,8.4,1023.7
55.0,21.7,1001.0
83.4,16.0,1008.6
58.4,18.4,999.0
80.3,7.7,994.4
46.6,14.1,993.9
58.8,14.7,995.8
45.5,22.8,995.3
69.1,3.6,994.4
73.6,15.9,997.0
90.6,9.8,1006.1
52.5,5.1,1012.8
89.3,24.2,1017.7
71.5,21.1,994.7
62.0,7.5,1011.6
85.8,20.7,1006.7
39.0,17.2,1010.7
64.8,2.9,994.6
39.5,20.5,1007.7
86.2,10.8,1008.0
43.6,19.2,998.9
81.6,23.7,993.0
55.3,19.3,1017.7
84.4,15.7,999.9
57.4,17.0,999.2
94.1,7.2,990.4
88.4,13.1,1007.5
47.9,5.8,1012.9
64.9,13.1,1023.5
40.3,19.6,1004.9
56.4,23.8,1024.2
36.0,22.1,1024.0
43.6,23.8,994.3
40.8,7.9,995.9
69.8,18.9,1018.8
77.7,13.0,1017.0
90.2,22.5,1011.6
83.3,8.9,1020.6
90.5,6.3,994.0
56.3,10.3,1008.0
45.9,22.4,1003.4
32.4,12.3,1009.8
47.5,10.5,1023.1
53.9,15.6,1020.6
55.6,11.3,1022.2
84.3,14.0,1000.5
72.3,6.6,1016.2
43.5,6.1,994.1
93.8,2.7,1014.4
44.4,24.6,1018.7
53.2,17.1,1014.4
37.7,17.0,1023.4
61.1,23.5,1010.0
65.6,11.8,1011.2
49.4,12.8,992.4
50.6,8.4,1004.7
69.3,10.4,996.7
45.8,18.8,995.1
88.9,12.9,1022.8
83.4,19.1,992.9
93.8,5.6,1023.7
73.3,12.3,1005.3
40.1,14.8,1014.6
76.0,5.7,991.6
34.8,5.6,1021.7
44.3,3.2,1012.0
69.6,14.6,1004.9
87.0,21.5,1018.7
46.6,9.3,995.8
80.4,3.8,1015.2
42.9,5.4,996.5
67.4,7.1,1004.8
51.3,24.5,1013.8
47.1,22.1,1012.2
44.5,14.1,1022.7
48.3,14.9,1022.3
34.5,11.0,1003.8
62.8,18.9,1007.2
80.1,15.9,1009.1
77.6,10.9,1004.4
91.7,9.0,1021.5
33.8,16.7,1004.1
39.5,5.7,1024.7
41.7,8.7,1020.1
64.7,14.8,1017.7
64.5,3.5,996.7
58.6,22.2,1000.5
49.6,12.8,1000.7
72.2,2.4,1013.8
39.0,7.8,992.9
58.3,16.2,1023.1
63.6,9.3,1024.4
51.7,19.5,1015.0
81.8,4.2,994.4
94.7,4.7,1001.1
87.2,18.7,1022.4
72.4,5.0,999.0
30.9,15.1,994.0
44.9,9.0,996.8
31.3,19.9,1005.0
76.4,4.1,1001.3
61.5,19.2,1022.3
92.3,5.3,1003.3
36.2,20.6,998.8
70.4,9.0,993.1
47.6,13.7,1019.2
54.8,17.4,1000.0
81.1,12.2,1020.6
30.8,24.5,997.4
85.9,16.5,1015.1
61.0,15.6,1001.3
67.6,3.8,990.4
85.9,15.2,1013.4
63.1,8.7,992.8
43.9,21.7,1010.0
35.6,21.4,994.6
30.6,10.4,993.6
49.4,20.9,1012.2
79.4,20.6,1005.8
78.4,11.1,1011.4
30.5,3.3,998.6
32.7,4.0,1004.6
91.6,13.3,998.3
46.3,4.0,1005.9
52.2,19.9,1008.2
38.5,7.3,999.5
47.7,5.4,1016.9
77.7,3.2,1002.1
85.1,5.7,991.1
93.1,20.9,1008.9
83.7,21.8,1002.4
90.1,20.3,999.4
57.8,6.3,1004.5
33.9,22.6,1009.1
80.9,16.8,1014.8
77.3,18.8,1016.1
66.9,19.9,1007.6
52.9,20.1,1015.4
67.5,15.9,1012.7
86.2,10.9,1013.2
89.3,13.2,1024.2
75.2,7.6,1016.9
75.4,6.6,995.7
88.5,3.7,1002.8
56.7,10.4,995.4
47.5,19.5,1017.5
51.3,21.9,993.2
74.8,14.3,1013.9
54.9,23.0,1011.7
49.4,8.3,1024.8
49.4,23.7,1009.0
75.6,4.1,992.5
82.2,20.1,1000.8
50.4,4.5,1021.6
49.8,4.5,1012.9
35.7,25.0,1000.5
47.5,7.8,1015.1
37.6,6.4,1006.8
91.5,16.6,1023.0
38.3,8.9,992.9
57.9,23.2,1009.7
82.8,22.1,998.7
31.7,5.1,1002.0
31.4,21.3,1017.9
78.7,7.7,1017.8
32.4,24.2,992.4
92.8,17.2,1021.7
47.4,20.8,991.1
90.0,23.0,996.3
68.7,6.8,1020.1
47.9,24.4,1017.9
69.2,8.5,1024.4
61.7,12.8,1015.0
48.7,13.9,991.4
60.0,8.7,1017.4
79.3,13.1,1004.0
93.8,13.6,992.5
38.8,20.5,1019.9
37.8,16.9,1023.8
49.8,2.3,1010.5
89.7,5.0,1023.1
32.9,6.7,991.7
71.6,22.0,1021.1
68.4,12.8,1020.8
84.0,16.6,1019.2
77.5,13.0,1010.8
86.4,8.6,1012.1
31.7,16.2,991.6
48.1,6.9,992.0
71.6,21.2,1006.8
50.2,2.7,1002.4
77.1,22.1,1015.5
55.0,22.9,994.9
81.4,9.2,1024.9
62.7,3.7,1000.2
54.7,14.6,1017.3
68.4,17.0,994.1
46.8,24.8,1000.5
35.2,9.3,992.7
61.3,16.6,1004.2
50.0,22.8,1016.3
32.9,22.1,1020.7
38.9,15.0,997.3
58.3,12.0,993.9
75.0,6.6,1007.8
51.0,10.6,1011.8
31.7,10.9,1018.7
82.8,14.3,991.6
61.4,15.8,1014.4
54.8,4.4,1011.9
66.3,23.7,1009.0
70.8,21.6,1005.6
39.2,11.4,994.1
69.5,6.6,1007.6
69.3,3.5,1005.3
33.1,17.1,1020.0
91.5,5.9,1010.0
49.8,8.5,1018.0
37.3,2.4,1005.1
94.8,19.2,1004.8
71.2,24.8,1018.4
49.9,20.3,996.5
92.8,9.8,1009.5
67.4,7.9,996.3
87.5,9.5,1000.0
37.4,24.2,990.1
54.7,4.3,1018.3
44.9,18.8,995.1
34.5,22.0,1023.1
72.6,11.7,1018.9
38.3,24.7,1016.3
65.7,16.3,1016.8
88.2,5.3,993.0
40.3,22.1,1020.9
44.9,8.3,1004.0
62.5,12.7,991.1
30.1,13.3,1019.4
36.8,12.7,1011.9
38.2,4.2,1005.7
68.4,24.7,1004.2
47.9,12.1,999.2
51.3,11.7,998.5
41.1,14.0,1023.1
52.1,24.3,1019.1
52.6,14.2,1006.4
62.9,23.8,1002.4
55.1,18.3,1017.7
47.5,8.2,1016.5
66.8,9.9,1007.7
41.6,10.0,1022.0
31.2,20.6,1022.5
85.3,9.3,1020.9
39.0,10.8,1017.8
89.2,9.9,1019.4
48.2,5.0,1002.5
82.6,17.9,994.4
85.5,13.0,1008.4
52.5,11.7,992.1
60.6,18.2,999.6
90.1,3.1,1008.6
61.3,8.0,1016.9
61.1,9.2,1013.0
62.0,17.1,995.1
75.4,16.0,997.8
84.0,19.5,1018.2
44.4,18.1,1021.7
73.3,7.5,1009.9
38.7,22.1,1015.6
76.7,20.5,991.1
77.0,22.6,1009.9
75.2,5.0,1014.0
60.4,7.3,1018.4
60.4,14.0,1009.9
45.0,5.5,992.7
76.8,23.9,1019.3
56.3,15.9,1009.9
73.2,17.8,1016.0
55.9,22.4,1015.6
33.8,13.9,996.4
91.8,16.6,1017.6
76.9,4.9,1024.9
93.1,20.1,1004.6
65.3,19.6,990.7
71.4,14.6,996.1
85.8,6.0,997.1
60.3,11.1,1023.6
31.5,23.2,1010.2
83.2,5.5,1009.7
36.3,23.6,1006.1
71.5,10.4,998.5
92.9,20.7,1021.0
40.8,8.7,1009.8
60.7,7.7,1002.9
31.9,16.8,991.3
62.1,11.3,996.2
53.4,10.9,1012.1
50.4,10.9,1000.2
76.7,20.7,1024.9
76.2,10.7,1001.5
62.7,2.3,1023.9
68.3,2.6,999.9
52.6,15.2,1017.0
67.0,16.4,1010.1
68.0,15.3,1008.3
72.8,3.8,1007.8
80.0,6.2,1008.3
68.6,17.2,991.1
35.5,13.1,1002.2
45.8,11.8,1008.1
50.8,14.8,1016.2
54.8,2.6,1011.5
34.2,20.9,1001.7
41.5,18.6,1022.0
77.5,2.2,1005.2
79.8,11.6,1018.6
92.1,13.3,1005.5
86.9,13.8,1019.5
67.6,24.8,993.8
84.4,12.9,999.8
78.6,23.1,1010.5
66.0,18.0,1002.6
39.7,11.5,1003.2
61.7,3.3,1018.9
35.3,13.1,1004.5
72.1,8.3,1003.4
74.1,16.1,1005.1
69.3,12.6,1020.2
40.1,3.9,1022.2
54.7,5.8,1011.0
90.1,2.7,1007.4
41.5,14.6,1000.5
83.8,13.2,1002.9
55.8,21.8,1009.4
88.5,23.0,991.2
38.3,7.5,1014.6
94.4,21.4,993.0
50.8,11.5,1015.8
57.4,20.5,1015.9
68.7,14.6,1001.1
70.4,12.4,994.5
90.2,12.8,991.9
53.2,3.3,998.2
67.3,13.4,1003.5
44.9,20.5,1000.1
92.7,10.9,1023.6
46.9,9.7,1013.5
70.3,7.7,1017.6
61.7,3.7,991.3
50.9,14.7,995.5
56.9,24.2,1003.3
33.1,9.9,1021.4
54.4,19.1,995.1
71.0,16.9,993.8
38.2,5.3,1017.7
34.4,16.9,1005.7
69.0,18.4,1021.6
54.7,14.7,994.6
65.9,17.9,1009.7
95.0,5.7,1021.3
62.1,14.3,1009.2
42.1,19.6,1005.7
89.2,20.5,1016.5
67.1,23.4,1022.7
77.2,16.5,1022.6
44.8,16.7,1006.0
33.7,16.4,991.5
72.6,17.2,1014.3
37.9,12.8,1021.4
43.3,20.5,1013.1
52.3,23.7,993.1
78.1,12.0,1007.0
84.9,10.0,996.5
79.7,15.3,1001.1
75.4,17.7,1021.9
73.2,5.7,996.7
49.7,15.2,996.2
68.7,15.7,1011.2
71.4,5.1,991.3
86.4,17.5,994.9
45.7,9.1,1007.1
31.7,15.5,1000.4
70.6,2.0,990.0
31.9,15.3,999.2
